Date,City of London,Barking & Dagenham,Barnet,Bexley,Brent,Bromley,Camden,Croydon,Ealing,Enfield,Greenwich,Hackney,Hammersmith & Fulham,Haringey,Harrow,Havering,Hillingdon,Hounslow,Islington,Kensington & Chelsea,Kingston upon Thames,Lambeth,Lewisham,Merton,Newham,Redbridge,Richmond upon Thames,Southwark,Sutton,Tower Hamlets,Waltham Forest,Wandsworth,Westminster
Jan-95,11.7,22.9,20.2,24.8,16.9,21.9,15.7,23.9,19.4,22.9,19.6,13.1,17.1,16.7,21.7,24.5,22.3,21.6,15.0,13.9,18.9,15.4,17.8,19.3,19.2,22.2,18.4,15.2,23.3,14.7,18.1,16.0,13.6
Feb-95,10.5,23.2,20.2,24.8,17.0,21.9,15.5,23.9,19.6,23.1,19.2,13.5,16.7,17.3,21.3,25.0,22.7,21.2,15.3,13.9,19.0,14.8,17.9,18.8,19.1,22.2,18.7,14.5,23.1,15.3,17.8,16.0,13.5
Mar-95,10.1,23.3,20.0,24.6,17.0,21.8,15.6,23.8,19.7,22.8,19.3,13.5,16.5,17.2,21.4,25.0,22.4,21.5,15.2,13.9,19.0,15.0,17.7,19.0,19.2,22.3,18.1,14.7,22.9,15.7,18.0,15.7,13.5
Apr-95,9.8,24.1,19.7,24.6,17.3,21.8,15.6,23.8,19.9,22.6,19.5,13.9,16.6,17.4,21.4,25.0,22.4,21.5,15.1,14.0,19.1,15.0,17.5,18.8,19.6,22.2,18.0,14.1,22.6,16.3,18.0,15.7,13.7
May-95,10.8,24.1,19.6,24.4,17.4,21.9,15.6,23.8,19.9,22.3,20.0,14.1,17.0,17.4,21.5,24.7,22.1,21.7,15.3,14.6,19.2,15.6,17.2,19.1,20.1,22.3,18.2,14.4,22.7,16.3,18.2,15.6,13.7
Jun-95,12.1,24.4,19.5,24.5,17.6,22.1,15.8,23.9,19.8,22.6,20.4,14.3,17.2,17.5,21.5,24.7,22.4,21.6,15.8,15.0,19.3,15.6,17.1,19.0,20.2,22.2,19.0,14.3,22.8,16.3,18.2,15.9,13.8
Jul-95,14.1,23.7,19.8,24.3,17.5,22.2,16.1,23.9,20.0,22.7,20.6,14.6,17.0,17.7,21.6,24.7,22.6,22.0,16.1,15.1,19.3,15.8,17.1,19.1,19.9,22.4,19.3,15.0,23.0,15.9,18.3,16.2,13.7
Aug-95,14.3,23.7,20.0,24.6,17.4,22.0,16.3,23.9,20.1,22.9,20.5,14.5,16.9,17.8,21.6,24.9,22.7,22.2,16.1,15.1,19.5,15.6,17.1,19.0,19.7,22.5,18.9,14.7,22.7,15.6,18.3,16.4,14.0
Sep-95,13.3,23.4,20.2,24.6,17.4,21.8,15.7,24.0,19.9,22.7,20.2,14.6,16.8,18.0,21.4,24.5,22.3,22.2,16.2,15.0,19.9,15.9,17.3,19.0,19.6,22.5,18.6,14.2,22.7,15.3,18.2,16.5,13.9
Oct-95,13.8,23.4,20.1,24.7,17.3,22.0,15.3,23.9,19.5,22.9,20.0,14.4,16.9,17.9,21.1,24.3,22.1,22.0,15.8,15.2,20.1,15.8,17.1,18.7,19.7,22.4,18.3,13.6,22.7,15.2,17.9,16.3,13.8
Nov-95,15.0,23.1,19.7,24.4,17.2,22.1,15.0,23.8,19.2,22.8,20.1,14.3,16.6,17.8,21.1,23.8,21.7,21.8,15.4,15.2,19.8,15.4,17.1,18.8,19.5,22.3,18.4,13.8,23.0,15.3,18.2,16.2,13.5
Dec-95,16.2,23.1,19.8,24.4,17.1,22.3,15.4,23.7,19.3,22.9,20.2,14.0,16.8,17.8,21.0,24.0,22.0,21.9,14.8,15.3,19.6,15.2,17.0,18.7,19.6,22.3,18.3,14.0,22.8,15.7,18.1,16.0,13.7
Jan-96,13.9,23.1,19.7,24.4,17.2,22.0,15.5,23.5,19.5,22.6,19.7,14.1,17.3,17.9,21.3,24.3,22.0,21.9,14.5,15.1,19.3,15.6,17.0,19.1,19.6,22.4,18.7,14.7,22.8,16.6,18.3,16.1,13.7
Feb-96,11.9,23.4,20.0,24.6,17.3,21.8,16.0,23.6,19.6,22.5,19.4,14.3,17.7,18.2,21.4,24.8,22.6,21.8,14.6,14.9,19.8,16.4,17.1,19.0,19.8,22.6,19.0,15.2,22.5,17.5,18.2,16.1,13.9
Mar-96,12.0,23.6,19.8,24.8,17.2,21.9,16.2,23.6,19.6,22.6,19.7,14.4,18.4,18.2,21.6,24.8,22.6,21.4,14.6,15.0,19.8,16.3,17.2,18.9,19.8,22.7,19.3,15.4,22.7,17.1,18.2,16.3,13.6
Apr-96,15.4,23.5,20.0,24.9,17.1,21.9,16.8,23.9,19.7,22.9,20.4,14.3,18.0,18.3,21.5,24.6,22.7,21.4,15.3,15.3,20.2,16.2,17.5,19.3,19.7,23.0,19.4,15.6,22.6,16.4,18.1,16.3,13.8
May-96,14.3,23.5,19.7,24.9,17.3,22.1,17.6,23.8,19.8,23.3,20.9,14.3,17.9,18.5,21.7,24.5,22.5,21.7,15.8,15.4,20.1,16.2,17.7,19.7,19.6,22.9,19.7,15.4,23.0,16.1,18.0,16.5,13.6
Jun-96,14.6,23.1,19.9,24.9,17.4,22.2,18.7,23.9,20.0,23.5,21.0,14.7,17.5,18.6,21.9,24.7,22.6,22.2,16.2,15.2,20.6,16.7,17.7,19.9,19.6,23.1,19.8,15.7,23.4,16.6,18.1,16.6,14.2
Jul-96,12.4,23.0,20.0,24.9,17.9,22.6,19.2,24.0,20.4,23.6,20.6,15.1,17.9,18.6,22.0,24.9,22.8,22.4,16.3,15.8,20.5,16.7,17.7,19.5,19.8,23.2,20.1,15.7,23.7,17.0,18.3,16.8,14.3
Aug-96,14.6,23.2,20.7,25.2,18.2,22.6,18.5,24.4,20.6,23.8,20.8,15.3,18.3,18.5,22.0,25.2,23.0,22.0,16.3,15.9,20.7,16.5,17.5,19.5,20.1,23.7,19.8,15.7,23.6,17.2,18.5,17.2,14.8
Sep-96,13.8,23.6,21.1,25.4,18.6,22.7,17.7,24.5,20.8,24.0,20.8,15.3,18.2,18.4,22.3,25.5,23.2,22.3,16.2,16.8,20.7,16.5,17.8,20.0,20.6,23.8,20.0,15.9,23.5,17.8,18.5,17.1,14.6
Oct-96,12.6,23.9,21.2,25.5,18.4,22.9,17.4,24.7,20.8,24.0,21.1,15.2,18.2,18.7,22.5,25.6,23.3,22.1,16.3,16.5,20.9,16.4,17.9,20.6,20.7,23.7,20.3,15.8,23.6,18.0,18.5,17.0,14.8
Nov-96,12.7,23.7,21.1,25.3,18.4,23.0,17.4,24.7,20.9,24.0,21.0,15.1,18.3,19.1,22.6,25.4,23.6,22.4,16.3,17.0,21.0,16.6,18.0,21.0,20.7,23.5,20.5,16.5,24.0,18.3,18.6,16.8,14.7
Dec-96,13.6,24.5,21.1,25.4,18.5,23.1,17.5,25.0,21.1,24.3,21.0,14.9,18.7,19.6,23.0,25.4,23.9,22.9,16.7,16.3,21.1,16.9,18.0,21.0,20.7,23.6,20.6,16.5,24.2,18.1,18.8,17.0,15.1
Jan-97,14.8,24.7,21.4,25.7,18.8,23.3,17.7,25.0,21.4,24.6,21.5,14.9,18.9,19.8,23.1,25.8,24.4,23.4,17.2,17.1,21.5,17.7,18.1,21.1,21.0,24.0,20.7,16.5,24.4,18.3,18.9,17.3,15.4
Feb-97,14.2,25.2,21.7,26.0,19.2,23.7,18.4,25.0,21.8,24.7,21.4,15.0,18.7,19.9,23.5,26.4,24.5,23.1,17.5,17.6,21.7,17.9,18.3,21.3,21.1,24.4,21.0,16.1,24.3,19.8,19.1,17.9,15.7
Mar-97,13.7,25.0,21.9,25.9,19.5,24.1,18.6,25.0,22.1,24.8,21.8,15.4,18.7,20.0,23.6,26.6,24.7,23.2,18.0,18.1,22.0,17.9,18.6,21.6,21.2,24.4,21.4,16.4,24.8,20.3,19.2,18.3,16.2
Apr-97,13.8,25.1,21.9,26.2,19.6,24.1,18.7,25.5,22.3,25.2,21.8,16.2,19.1,19.9,24.1,26.8,24.6,24.2,18.3,18.2,22.2,17.6,18.7,21.9,21.3,24.4,21.7,16.9,24.8,21.5,19.4,18.6,16.6
May-97,14.7,25.0,22.4,26.5,19.6,24.5,19.3,25.9,22.7,25.8,22.4,16.9,20.0,20.4,24.6,26.8,25.0,25.1,18.6,18.0,22.8,18.4,18.9,22.1,21.4,24.8,22.0,17.6,25.6,21.1,19.6,19.2,17.0
Jun-97,15.1,25.1,22.7,27.0,19.8,24.7,19.3,26.6,23.2,26.5,22.3,17.1,20.7,20.5,24.9,26.9,25.5,25.2,18.9,18.8,22.9,19.3,19.1,22.4,21.6,25.4,22.7,18.3,26.1,21.6,19.9,19.7,16.9
Jul-97,14.9,25.3,23.2,27.2,20.7,25.4,19.3,27.2,24.2,26.9,22.9,17.2,20.9,21.2,25.6,27.2,26.2,25.5,19.1,19.4,23.5,20.9,19.7,22.9,21.8,25.7,23.3,18.3,26.8,21.5,20.5,20.4,16.9
Aug-97,14.5,25.7,23.6,27.6,21.3,25.9,18.9,27.9,24.8,27.3,23.2,17.1,21.7,21.1,26.3,27.7,26.6,25.8,19.2,19.6,23.8,20.8,20.1,23.2,22.3,26.1,23.6,18.7,27.1,21.6,20.8,20.3,17.2
Sep-97,14.7,25.6,24.4,27.8,21.6,26.5,19.7,28.3,25.5,27.4,23.8,17.5,22.4,21.8,27.0,28.5,27.1,26.5,19.3,19.5,24.6,21.0,20.3,23.3,22.5,26.5,24.3,19.1,27.4,21.7,21.0,20.5,17.7
Oct-97,15.5,26.0,24.8,28.0,21.8,26.9,20.5,28.5,25.6,27.8,23.9,17.5,22.8,22.0,27.3,28.8,27.4,26.4,19.4,19.2,24.7,20.2,20.4,23.0,22.8,27.0,24.6,19.3,27.8,21.6,20.9,20.3,17.9
Nov-97,16.7,26.2,25.0,28.1,22.0,27.1,21.7,28.8,25.5,27.8,23.7,17.7,22.4,22.3,27.6,29.0,27.8,26.9,19.7,19.7,25.3,20.7,20.4,23.4,22.9,27.2,25.4,18.5,28.4,21.7,21.1,20.8,18.0
Dec-97,16.6,26.4,25.0,28.5,22.2,27.1,21.9,29.0,25.6,28.5,23.7,17.3,22.4,22.3,27.8,29.0,28.2,27.3,19.8,20.2,25.9,21.1,20.8,24.2,23.1,27.9,25.7,18.2,28.7,22.0,21.4,20.9,17.8
Jan-98,15.9,26.2,25.1,29.4,22.2,27.4,22.0,29.3,26.1,28.6,24.2,17.8,23.0,22.2,27.9,29.3,28.3,27.9,19.9,20.5,26.5,21.8,21.3,24.8,23.4,28.2,25.7,18.4,29.2,22.1,21.7,21.5,18.4
Feb-98,18.4,26.1,25.4,29.8,22.5,27.8,21.1,29.6,26.0,29.1,24.9,17.6,23.5,22.3,27.9,29.8,28.2,28.7,20.1,20.6,26.2,22.1,21.6,24.6,23.5,28.7,25.5,18.8,29.2,22.3,21.8,21.5,18.5
Mar-98,20.0,26.3,25.8,30.2,22.7,28.1,21.3,29.7,26.0,29.0,25.1,17.9,23.8,22.8,28.3,29.8,28.2,28.8,20.2,20.2,25.7,21.9,21.6,24.9,23.6,28.4,25.3,19.2,29.4,22.5,21.6,22.0,19.4
Apr-98,20.9,26.9,26.1,30.0,23.1,28.2,21.5,29.8,26.0,29.2,25.2,17.7,24.0,23.1,28.6,30.3,28.7,29.4,20.6,20.6,25.7,22.1,22.0,25.0,23.6,28.5,25.9,19.9,29.2,23.2,21.5,22.5,19.9
May-98,18.3,27.4,26.6,30.3,23.7,28.4,22.0,29.9,26.7,29.0,25.6,18.4,23.7,23.8,29.3,30.6,29.3,29.2,21.4,20.8,26.3,22.5,22.3,25.5,23.9,28.6,26.1,20.0,29.4,23.6,21.8,23.1,20.3
Jun-98,16.9,27.5,26.5,30.7,24.0,28.8,22.4,30.1,27.3,28.9,26.1,18.6,23.6,24.0,29.4,31.2,29.7,29.9,22.7,21.1,27.3,23.8,22.5,25.6,24.3,29.2,26.8,20.9,29.6,23.9,22.5,22.8,19.6
Jul-98,17.9,27.5,26.9,31.2,24.3,29.2,22.8,30.5,27.6,29.3,26.1,19.5,24.1,24.2,30.2,31.3,29.7,30.1,23.3,20.7,27.7,24.5,22.8,25.6,24.6,29.4,27.0,20.9,30.0,23.7,22.8,22.8,19.4
Aug-98,19.0,27.6,27.1,31.2,24.4,29.9,22.9,30.9,27.8,29.8,26.1,19.1,25.0,24.5,30.4,31.4,30.1,30.6,23.3,20.6,28.2,24.8,22.8,26.2,24.8,29.5,27.9,21.4,30.1,24.2,22.7,22.9,19.1
Sep-98,19.5,27.9,27.2,31.4,24.6,30.2,22.5,31.5,27.8,30.2,26.1,19.6,25.1,24.3,30.5,31.3,30.3,30.9,23.0,20.3,28.3,24.5,23.0,26.0,24.9,29.4,28.8,21.0,30.3,24.1,22.6,23.5,20.0
Oct-98,20.7,28.2,27.2,31.6,24.7,30.2,22.4,31.6,27.7,30.1,25.9,18.9,24.2,24.3,30.0,31.2,30.5,30.9,22.4,20.0,28.5,24.3,22.3,26.1,25.0,29.7,30.1,21.2,30.8,24.4,22.7,23.2,20.1
Nov-98,19.4,28.3,27.1,32.0,24.8,30.1,22.7,31.7,27.7,30.0,26.2,19.5,23.8,23.9,30.0,31.5,30.6,30.5,22.3,19.5,28.6,24.1,22.1,25.7,25.0,29.6,30.4,21.6,30.9,24.8,22.8,23.3,20.1
Dec-98,19.9,28.8,27.3,31.8,24.7,30.3,22.5,31.8,27.3,30.0,26.7,20.0,23.5,23.5,30.1,32.1,30.9,30.2,21.9,20.3,28.2,24.3,22.1,25.5,25.4,29.6,30.1,22.0,31.0,25.6,23.1,22.8,19.3
Jan-99,19.0,29.3,27.4,31.7,24.9,30.2,22.2,31.6,27.4,30.0,27.3,21.2,24.3,23.6,30.4,32.2,30.9,30.2,21.9,21.2,28.1,24.1,22.8,25.7,25.0,29.6,29.5,22.4,30.9,26.4,23.1,22.8,19.3
Feb-99,21.0,29.2,27.5,31.7,25.0,30.0,22.5,31.5,27.6,30.1,27.1,21.1,24.3,23.8,30.5,32.1,30.8,30.5,22.4,22.0,27.7,24.3,23.3,25.8,25.2,29.9,28.9,22.9,30.8,25.8,23.2,22.2,20.3
Mar-99,22.3,28.9,27.5,31.8,25.4,30.2,23.2,31.7,27.9,30.2,26.8,21.0,24.7,24.1,30.8,32.0,31.0,30.7,23.2,21.7,28.0,24.2,23.4,27.0,25.0,30.2,28.6,23.3,30.9,25.3,23.3,23.0,21.0
Apr-99,24.4,28.9,27.7,32.2,25.1,30.8,23.8,32.4,28.8,30.8,26.7,21.0,25.0,24.5,31.1,32.5,31.3,31.2,24.3,21.6,28.4,24.9,23.6,27.4,25.5,30.5,28.5,23.5,31.0,24.9,23.5,23.6,21.3
May-99,24.4,29.3,28.0,32.3,25.1,31.6,23.5,32.9,29.5,31.5,27.4,21.3,25.7,25.0,31.0,32.8,32.0,31.9,24.7,22.2,29.2,25.5,24.1,28.1,25.7,30.8,28.8,23.2,31.5,25.9,23.9,25.1,21.2
Jun-99,23.7,29.4,28.7,32.5,25.4,32.2,24.1,33.2,30.1,32.0,27.8,21.9,26.5,25.8,31.5,33.3,32.6,33.1,25.1,22.9,29.8,25.6,24.7,28.3,26.3,31.1,29.3,23.0,32.2,26.8,24.1,25.9,21.2
Jul-99,20.9,29.5,29.5,32.7,26.2,32.6,24.9,33.5,30.6,32.4,28.5,22.2,27.3,26.9,32.0,33.5,33.2,34.0,25.3,23.6,30.6,26.6,24.9,28.8,26.8,31.4,30.2,23.3,32.8,27.9,24.8,27.3,21.7
Aug-99,20.5,29.7,30.3,33.0,27.0,33.1,25.8,33.8,31.6,33.0,28.9,23.1,28.3,27.9,33.1,33.8,33.5,35.2,26.1,24.2,31.2,27.3,25.4,29.6,27.2,32.0,31.2,24.6,33.4,28.4,25.0,28.4,22.0
Sep-99,21.2,30.0,31.1,33.9,27.7,33.7,26.4,34.4,32.7,33.4,29.8,23.5,29.0,29.0,33.8,34.0,33.9,35.6,27.0,25.4,31.9,28.4,25.7,30.2,27.8,32.4,32.0,26.7,33.8,29.7,25.7,29.2,23.2
Oct-99,20.9,30.2,31.5,34.6,28.2,34.3,26.9,35.3,33.3,34.1,30.4,23.9,29.4,28.7,34.6,34.4,34.5,35.7,27.4,26.0,32.7,28.5,26.5,30.8,28.5,33.2,32.4,28.0,34.4,30.2,26.1,29.2,23.3
Nov-99,22.3,30.6,32.0,35.4,29.0,34.9,27.2,36.3,33.6,34.7,31.1,24.5,30.3,28.2,35.0,35.0,35.4,36.1,27.6,26.8,33.2,28.7,26.9,31.2,29.0,34.1,33.8,27.8,35.4,30.8,27.0,29.1,24.0
Dec-99,21.6,31.3,32.4,35.9,29.2,35.3,27.3,37.2,34.4,34.9,31.6,25.1,31.0,28.5,35.4,35.5,36.4,36.9,27.8,27.0,33.9,29.3,27.3,31.7,29.6,34.8,34.6,27.3,36.4,31.1,27.2,29.2,24.3
Jan-00,22.2,32.3,33.3,36.3,30.0,35.9,28.3,37.8,35.0,35.3,32.3,25.8,31.3,29.4,36.1,36.3,36.5,38.3,28.3,27.1,34.4,29.9,28.1,32.4,30.1,35.4,35.4,27.3,37.4,31.5,27.7,29.9,24.8
Feb-00,22.2,33.0,34.0,37.0,30.6,36.9,29.6,38.4,35.2,35.7,32.1,26.1,31.4,29.9,36.6,36.9,37.1,38.6,28.8,26.8,35.4,30.8,29.0,33.4,30.7,35.7,34.9,29.1,38.0,31.6,27.9,30.8,25.5
Mar-00,22.8,33.5,34.7,37.6,31.7,37.8,30.0,38.7,35.5,36.8,31.9,25.9,31.9,30.3,37.2,37.5,37.4,38.9,29.4,27.5,36.0,31.0,29.9,34.2,31.2,36.3,35.4,29.6,38.3,31.9,28.6,31.9,25.6
Apr-00,23.4,33.5,35.3,38.0,32.5,38.8,31.1,39.7,36.3,37.4,32.8,26.2,33.4,31.1,37.5,38.3,38.5,39.4,30.4,28.7,37.0,32.3,30.7,34.9,32.0,36.7,36.7,30.1,38.9,33.4,29.3,33.1,26.7
May-00,22.3,34.1,35.9,38.7,33.1,39.6,32.3,40.8,37.2,38.3,33.8,27.3,33.7,31.5,38.6,39.1,39.2,40.0,31.1,29.1,37.8,32.9,30.5,35.6,32.7,37.8,38.0,29.8,40.3,34.9,30.2,33.3,26.7
Jun-00,25.3,35.0,36.6,39.2,33.7,40.3,34.0,41.6,37.6,38.9,35.0,28.8,33.6,32.6,39.4,39.9,39.8,41.4,31.7,28.3,38.6,34.0,31.6,35.9,33.5,38.0,39.2,30.8,41.9,35.9,30.8,33.8,27.3
Jul-00,27.4,35.8,37.0,39.9,34.0,40.6,34.4,42.0,38.0,39.5,35.8,29.6,33.4,33.1,40.1,40.1,40.5,42.3,32.6,29.3,38.8,33.6,31.8,36.9,34.5,38.9,39.1,31.9,42.5,35.9,31.0,34.3,26.9
Aug-00,28.3,36.4,37.7,40.8,34.1,41.1,34.1,41.9,38.5,39.8,36.3,30.3,35.0,34.0,40.4,40.2,41.0,43.4,32.4,29.6,39.4,34.3,32.9,37.5,35.1,39.1,39.9,33.3,42.5,35.8,31.4,35.4,27.4
Sep-00,28.5,37.2,38.1,41.3,34.7,41.3,33.6,42.6,38.5,39.9,37.2,30.4,35.2,33.6,40.2,40.4,41.7,43.0,32.3,30.3,39.7,35.1,33.1,37.8,35.2,40.1,40.2,34.7,42.6,36.1,32.0,35.2,27.5
Oct-00,31.3,37.5,38.3,41.4,35.3,41.2,32.4,43.2,38.1,40.4,36.5,30.1,35.5,32.8,40.5,40.9,41.7,41.8,31.9,28.3,40.2,35.7,33.5,37.0,34.8,40.4,41.1,35.6,43.0,36.1,32.2,34.1,27.2
Nov-00,41.1,37.4,38.0,41.3,35.1,41.1,32.6,43.3,38.0,40.3,36.5,29.6,35.0,33.0,40.7,41.4,42.0,41.0,32.8,29.5,40.1,36.6,33.5,36.6,35.1,40.4,40.7,35.2,43.2,36.9,32.0,33.6,26.9
Dec-00,40.2,37.1,38.0,41.7,35.1,41.0,32.9,43.5,38.2,40.3,36.1,29.3,35.8,32.8,41.0,41.9,41.7,41.1,33.4,29.9,40.2,36.4,33.0,36.3,35.8,40.3,40.3,34.3,42.9,36.3,31.9,33.9,27.5
Jan-01,36.3,37.4,38.0,42.5,35.1,41.2,34.5,44.1,38.7,39.8,36.3,29.6,35.5,33.9,41.0,41.7,41.8,42.7,33.2,31.0,40.1,36.5,33.1,36.9,36.5,40.4,38.8,34.6,42.4,36.9,31.9,34.8,28.9
Feb-01,25.3,37.8,38.6,42.6,35.5,41.3,34.8,44.6,39.0,40.4,36.9,30.2,35.8,34.0,41.0,42.2,41.9,43.7,32.8,30.1,40.2,35.3,33.4,37.2,36.8,40.8,38.9,34.7,42.2,36.7,32.3,35.4,29.1
Mar-01,24.1,38.2,38.6,43.0,35.6,41.6,35.5,44.2,39.7,40.6,37.7,31.4,35.7,34.4,41.4,42.3,42.0,44.2,33.5,30.9,39.8,35.3,33.7,38.0,36.6,40.9,38.7,35.0,42.5,38.0,32.3,35.5,28.9
Apr-01,26.2,38.2,38.8,42.7,35.9,42.1,34.9,43.3,40.1,41.3,38.7,32.0,36.4,34.6,41.8,43.0,42.0,44.1,34.6,31.8,40.2,35.6,33.6,38.2,37.0,41.4,38.9,34.9,43.0,38.6,32.8,35.9,28.3
May-01,28.5,38.7,38.7,42.9,36.6,42.5,35.1,43.6,40.7,41.7,39.1,32.7,36.4,35.5,42.4,43.2,42.3,45.0,36.0,31.8,40.7,37.3,34.2,38.3,37.7,42.1,38.8,36.6,43.8,39.5,33.4,37.0,29.4
Jun-01,30.9,39.4,39.3,43.5,36.9,42.9,35.3,44.7,40.9,42.7,39.2,33.0,37.3,36.5,43.2,44.2,43.2,45.2,36.4,32.2,41.6,37.9,35.0,38.8,38.3,43.0,39.6,38.1,44.1,40.1,34.3,37.5,30.0
Jul-01,29.4,40.5,39.9,44.7,37.3,43.4,36.4,46.0,41.2,43.1,39.6,33.2,37.9,36.9,44.0,44.8,44.2,46.3,37.0,33.1,42.3,38.3,35.9,39.8,38.4,43.8,41.6,38.2,44.9,40.7,34.9,38.0,31.1
Aug-01,29.6,41.1,40.7,45.6,38.0,44.2,37.3,46.9,42.1,44.0,40.1,33.6,38.7,37.5,44.9,45.6,45.0,47.1,37.1,34.3,42.7,38.5,36.5,40.6,39.3,44.4,42.7,37.4,45.3,41.2,35.9,37.8,31.7
Sep-01,29.3,42.1,41.4,46.3,38.6,44.8,37.4,47.5,43.1,44.7,41.3,33.5,38.3,37.3,45.3,46.5,45.5,48.3,37.2,33.4,43.6,38.5,37.2,40.4,40.4,45.3,43.0,37.1,46.4,41.5,36.9,38.3,32.2
Oct-01,33.7,42.5,42.1,46.6,38.9,45.6,37.5,48.0,43.6,45.4,41.9,34.1,38.0,38.0,45.6,47.3,46.0,48.1,36.9,32.3,43.6,38.2,38.3,40.8,42.1,46.2,42.4,37.7,47.2,41.8,38.1,38.4,31.8
Nov-01,44.2,43.6,43.0,47.1,38.8,45.8,37.8,48.5,43.1,45.9,42.4,34.2,37.6,37.5,45.9,47.6,46.4,47.9,36.7,31.4,44.0,37.9,38.3,41.3,42.8,47.2,42.3,38.5,48.0,42.2,38.8,37.9,31.0
Dec-01,46.2,43.9,43.5,46.8,39.2,46.3,37.9,49.0,43.0,45.7,42.5,34.7,37.9,38.5,46.5,47.6,47.1,47.5,36.5,31.4,43.9,38.5,38.6,42.0,43.3,47.2,42.4,38.5,48.2,41.6,39.4,38.1,31.5
Jan-02,43.9,44.9,44.1,47.5,39.9,46.4,37.7,49.5,43.2,45.8,42.3,35.2,38.3,38.0,47.2,47.8,47.2,48.9,36.7,31.0,44.4,40.3,38.7,42.5,44.1,47.3,42.3,38.8,48.5,41.8,39.3,38.2,31.2
Feb-02,36.2,45.5,43.9,47.6,40.5,46.4,37.6,50.1,44.1,45.9,42.6,35.1,38.1,38.3,47.8,48.3,47.8,49.2,37.6,31.0,44.3,40.4,39.3,42.7,44.5,47.3,41.6,39.1,49.0,42.5,39.9,38.2,32.2
Mar-02,32.4,46.2,44.4,48.4,40.5,46.4,37.6,50.6,45.0,46.5,43.9,35.7,38.1,38.8,48.2,49.1,48.0,49.5,38.6,31.6,44.3,40.6,39.7,43.4,44.9,47.9,42.4,39.2,49.0,43.5,40.0,38.6,32.0
Apr-02,31.3,47.2,45.1,48.8,40.7,46.6,38.6,51.4,46.2,47.2,45.4,35.2,38.8,39.9,48.7,49.3,49.3,49.2,39.8,33.6,45.1,40.0,39.9,43.7,45.4,49.0,43.0,40.2,49.4,44.1,40.6,40.1,33.3
May-02,29.0,48.1,46.5,50.2,41.5,47.7,40.1,52.6,46.9,47.9,46.8,36.4,40.1,41.5,49.5,50.9,50.3,50.0,40.0,35.6,46.2,41.1,40.3,44.5,46.6,50.0,44.6,40.9,50.2,44.5,41.0,41.7,34.0
Jun-02,32.3,49.4,47.6,51.2,43.1,49.0,41.5,53.5,47.8,49.0,45.9,37.3,41.4,42.5,50.6,52.4,51.6,51.4,40.3,37.1,47.1,42.2,40.7,45.2,48.3,51.2,45.4,41.8,52.3,45.8,42.1,43.0,35.6
Jul-02,33.5,50.9,49.2,52.4,44.4,50.5,42.0,54.5,48.3,50.5,46.4,39.5,42.9,44.4,52.0,54.4,52.4,52.6,40.4,37.9,47.5,43.6,42.0,46.4,49.3,52.3,46.2,41.7,53.9,46.3,43.7,43.4,36.2
Aug-02,35.0,52.5,50.0,53.4,45.5,51.9,42.2,55.6,49.5,51.6,47.1,40.4,43.4,45.5,53.5,55.6,53.6,53.6,41.1,37.3,48.4,45.4,43.2,47.5,51.2,54.0,48.2,42.3,55.1,47.0,45.0,44.4,36.2
Sep-02,35.4,53.8,50.7,54.9,46.6,53.2,43.2,56.8,50.5,53.5,48.5,41.3,43.8,45.7,55.1,56.8,54.5,54.9,41.9,37.0,49.8,46.1,44.5,48.5,52.4,55.1,48.6,42.9,55.6,47.3,46.9,44.6,35.9
Oct-02,34.7,55.9,50.3,56.4,47.4,53.8,43.4,58.0,51.7,55.0,49.1,41.4,43.1,46.2,55.8,58.6,55.8,55.4,41.9,36.2,50.6,46.1,45.3,48.9,54.4,56.0,49.5,42.9,56.2,49.0,48.1,44.3,36.0
Nov-02,35.8,57.9,51.1,57.6,48.2,54.0,43.1,59.4,51.9,56.6,49.3,41.9,43.6,46.6,56.9,60.1,56.6,55.9,42.2,36.9,51.1,45.8,46.0,49.7,55.3,56.6,48.7,43.0,57.0,49.6,49.1,43.9,37.4
Dec-02,33.5,59.8,51.3,58.7,49.1,54.7,42.7,60.5,52.3,57.1,50.0,41.6,44.0,47.8,57.2,60.9,57.7,56.3,41.8,35.6,52.1,46.4,47.1,50.3,56.7,58.6,48.9,42.7,58.0,50.6,49.1,43.9,37.3
Jan-03,33.4,61.2,52.9,59.6,49.1,55.6,41.9,61.6,52.1,57.6,50.8,42.1,44.9,47.7,57.8,61.5,58.6,57.5,42.9,35.5,52.7,46.7,48.7,51.2,57.6,60.1,49.2,43.4,59.2,50.7,50.2,44.5,37.5
Feb-03,33.7,62.8,53.3,60.0,49.8,56.6,39.8,62.3,53.1,58.4,52.2,42.7,43.9,47.8,57.1,62.6,59.2,57.9,42.0,34.5,53.0,47.0,49.9,51.2,58.2,61.1,50.3,42.5,59.5,51.1,50.7,44.8,37.2
Mar-03,37.3,64.6,54.3,60.9,49.4,56.7,38.9,62.9,53.1,59.5,53.1,42.6,43.2,47.5,57.7,63.4,59.9,57.8,41.6,34.7,52.4,46.1,50.6,50.9,58.9,61.5,49.3,42.7,59.6,50.8,50.9,44.9,37.3
Apr-03,37.7,64.6,53.4,61.6,50.0,57.0,39.8,63.6,53.7,59.6,53.4,42.1,41.2,47.4,58.3,64.1,60.7,57.1,40.7,34.7,52.3,45.7,50.2,50.7,59.8,60.6,48.7,43.6,60.1,51.1,51.0,44.8,37.9
May-03,36.3,64.9,53.0,62.6,50.6,57.3,41.8,64.4,53.7,59.9,53.7,42.5,42.0,47.8,59.8,64.1,61.0,57.8,41.6,34.4,52.2,44.7,49.9,50.8,60.3,61.2,47.2,45.3,61.1,51.2,51.8,45.7,37.7
Jun-03,34.1,64.5,53.0,63.4,51.5,57.7,42.5,64.9,53.7,60.0,54.5,42.8,42.2,48.0,59.7,64.1,61.5,58.8,41.4,35.4,52.7,44.6,50.1,51.1,60.1,61.5,48.1,45.4,61.9,51.3,52.3,45.4,37.3
Jul-03,33.2,64.6,54.4,64.3,51.9,58.1,43.5,65.0,53.5,60.9,54.8,44.0,43.9,49.1,59.9,64.5,61.3,60.5,42.7,34.7,53.4,44.9,50.6,52.0,60.2,63.1,49.2,45.3,62.0,50.7,52.3,45.9,37.0
Aug-03,31.3,64.9,55.2,64.5,51.8,58.1,43.9,64.6,53.7,61.2,54.6,43.1,44.0,49.0,59.6,64.6,61.9,60.5,43.7,34.6,54.5,46.2,50.4,52.6,60.5,63.5,50.3,45.2,61.9,51.1,51.9,46.4,36.3
Sep-03,31.0,64.4,55.8,64.1,51.8,58.9,44.0,65.2,53.9,61.1,54.2,43.1,43.9,48.8,60.2,65.6,62.3,60.7,44.2,34.2,54.8,46.8,50.5,53.1,61.8,64.2,50.8,45.7,61.9,50.9,51.8,47.3,37.2
Oct-03,32.3,65.9,55.9,64.2,52.9,59.4,43.1,65.6,54.4,61.5,54.8,42.7,43.7,48.6,61.0,66.1,63.3,60.0,43.1,35.0,54.6,46.8,50.1,52.7,62.2,64.9,50.3,45.1,61.9,50.8,51.6,47.1,36.9
Nov-03,35.4,66.5,55.9,63.8,52.6,59.8,42.5,66.0,54.8,61.8,55.1,43.2,44.3,49.1,61.3,66.8,63.1,60.5,42.7,35.9,54.3,46.8,50.5,53.3,63.6,64.9,50.7,45.3,61.9,51.0,52.5,46.0,37.1
Dec-03,39.0,68.0,56.4,64.9,52.9,60.0,42.1,65.8,55.4,62.0,55.4,43.2,45.2,49.1,62.1,66.4,62.9,60.8,43.7,37.2,54.8,46.8,51.0,53.5,63.5,64.8,50.9,45.8,61.8,52.0,53.3,46.0,37.2
Jan-04,41.7,68.2,56.3,64.6,53.0,60.2,42.8,65.9,55.7,61.9,55.8,44.3,44.9,49.3,62.3,66.6,62.7,61.6,44.6,37.8,55.2,48.2,52.0,54.7,63.4,65.3,51.1,46.2,61.8,52.2,54.4,46.1,37.3
Feb-04,38.4,69.4,56.7,66.1,53.7,61.1,43.2,65.9,55.9,62.0,56.4,44.1,44.8,49.6,62.8,67.3,63.2,61.8,44.7,38.6,55.7,48.0,52.4,54.3,63.5,66.1,51.7,46.7,62.0,52.6,54.5,46.5,37.5
Mar-04,34.8,69.8,56.7,66.1,53.8,61.6,44.1,66.6,56.2,62.3,57.3,45.9,45.3,50.3,62.4,68.5,63.8,61.5,45.1,38.4,56.1,48.3,52.2,53.7,64.7,67.1,52.0,47.7,62.5,51.8,54.9,47.2,37.2
Apr-04,34.4,70.0,57.2,67.3,54.6,62.4,43.7,67.3,57.0,63.3,58.2,45.5,46.5,50.9,62.3,68.8,64.5,62.3,45.8,37.3,56.7,48.5,52.6,54.0,65.7,68.1,52.9,48.2,63.3,52.6,55.1,47.8,38.8
May-04,35.7,70.1,58.3,67.5,55.6,62.2,44.6,68.0,57.9,64.9,58.9,45.7,47.5,50.9,63.3,69.8,64.5,63.9,46.3,37.2,57.4,49.0,53.9,54.5,65.5,68.3,52.7,49.0,64.2,53.2,55.8,48.4,39.6
Jun-04,38.0,71.3,59.1,68.8,56.6,62.4,46.1,68.9,59.0,65.8,58.9,44.9,47.7,51.2,65.0,70.4,65.0,65.0,45.9,37.5,57.9,50.0,54.5,56.2,66.0,68.5,54.0,48.5,65.7,54.7,56.5,49.4,40.3
Jul-04,38.1,72.4,60.0,69.2,57.2,62.5,47.9,69.3,59.7,66.3,59.3,45.3,48.6,52.2,66.0,70.8,65.5,65.0,46.6,40.7,59.0,50.7,54.3,56.7,66.9,68.8,54.7,49.0,67.0,54.6,57.3,50.7,40.1
Aug-04,39.2,73.0,60.0,70.0,57.7,63.6,48.1,69.9,60.3,66.5,60.0,46.7,49.0,53.2,66.4,70.9,66.4,65.2,47.4,41.7,59.7,52.3,54.4,57.8,68.4,69.8,55.6,48.9,67.9,55.3,57.3,51.3,39.6
Sep-04,38.9,74.0,60.3,70.2,57.1,64.1,47.4,70.0,60.3,67.1,60.2,47.3,48.9,54.1,65.6,72.0,66.5,66.7,47.9,42.6,59.3,53.0,55.4,58.7,69.3,70.5,55.2,49.4,68.3,55.3,57.5,51.5,39.5
Oct-04,37.0,74.7,60.3,70.3,56.7,64.5,47.0,70.7,59.7,67.3,60.5,48.4,47.6,53.4,66.3,73.9,66.6,67.2,47.5,39.8,59.2,52.3,55.8,58.2,69.3,70.6,54.1,49.7,68.2,55.4,57.9,50.7,38.3
Nov-04,42.5,75.1,61.2,70.8,56.7,64.5,47.3,71.2,60.0,67.1,60.5,49.1,46.2,53.5,65.7,74.1,67.1,66.7,47.5,39.4,58.2,51.6,56.0,57.7,69.3,70.9,53.5,49.9,68.4,55.1,58.4,50.0,39.0
Dec-04,42.3,74.6,61.0,70.4,56.9,65.4,46.3,71.4,59.8,67.0,60.3,49.3,45.7,53.1,66.8,73.8,67.2,66.0,47.6,36.9,58.2,51.5,55.5,56.7,69.1,69.1,52.9,49.1,68.1,55.5,58.4,49.0,38.9
Jan-05,42.2,74.7,61.3,71.2,56.6,65.4,44.8,71.6,59.4,66.8,59.6,49.1,46.0,53.8,65.8,73.1,67.1,66.3,47.7,36.4,57.4,51.4,55.3,57.2,68.8,69.8,53.4,49.0,68.0,56.1,57.3,49.6,40.3
Feb-05,36.9,73.8,60.1,70.3,55.9,65.0,44.4,70.9,58.5,66.8,59.6,48.8,47.3,53.5,65.8,73.3,66.5,66.3,46.8,36.6,57.4,50.9,55.2,57.6,69.1,68.7,53.0,48.3,67.5,55.5,56.7,50.3,41.0
Mar-05,38.9,73.6,59.4,70.3,56.1,64.1,45.3,70.9,58.1,66.9,60.7,48.7,47.7,53.7,64.3,73.1,66.2,65.8,46.8,37.3,57.6,50.1,54.9,57.8,68.8,69.5,53.5,49.5,67.7,55.3,56.8,51.2,41.6
Apr-05,40.5,74.0,59.1,70.0,56.0,64.1,46.7,70.3,58.9,67.2,60.9,48.3,49.5,53.0,64.7,72.9,66.3,65.1,46.7,38.7,58.0,50.2,55.1,57.7,69.3,68.4,54.0,50.1,68.3,56.4,57.4,51.9,41.3
May-05,39.7,74.5,59.4,70.6,56.2,64.7,48.0,70.8,59.4,67.8,61.0,47.2,49.2,53.5,64.7,72.8,66.7,66.5,47.3,39.4,59.5,50.5,55.8,58.1,68.6,69.2,55.4,50.5,68.7,55.9,57.7,51.8,41.2
Jun-05,36.1,75.3,60.6,71.7,56.7,64.9,49.3,70.6,59.6,67.5,61.3,46.9,50.4,53.7,65.5,73.3,67.8,66.8,47.9,40.1,59.2,51.5,56.4,58.1,69.4,69.5,55.8,50.3,69.1,55.8,58.5,51.6,41.1
Jul-05,36.2,73.8,60.7,71.3,57.8,64.6,49.5,70.8,60.0,67.6,62.4,47.6,50.5,54.5,65.9,73.4,68.4,67.5,48.4,41.2,60.1,53.0,56.5,58.5,69.8,69.7,55.6,50.0,68.6,53.9,58.6,52.1,41.0
Aug-05,39.0,74.5,61.1,71.9,58.2,64.2,50.8,70.4,60.2,67.0,62.8,48.6,51.8,55.1,65.9,73.4,68.6,66.5,49.1,40.4,59.3,53.4,56.0,58.4,70.4,69.9,54.8,50.7,68.6,54.3,59.1,52.5,41.5
Sep-05,39.7,74.1,61.4,71.8,57.9,63.8,50.2,70.6,60.5,67.2,63.0,50.0,51.2,54.8,65.8,74.0,68.2,67.2,49.2,41.3,60.2,53.8,56.6,58.8,69.9,70.4,54.3,51.2,68.6,54.2,59.1,52.3,41.1
Oct-05,43.2,74.6,61.3,72.4,57.6,63.7,49.9,70.6,59.8,66.9,63.2,49.1,50.3,54.3,65.5,74.5,67.8,67.0,49.3,40.5,59.0,52.4,57.3,58.3,69.7,70.1,54.5,50.9,67.9,54.6,59.2,51.0,40.5
Nov-05,41.8,73.9,61.4,72.1,58.3,63.5,47.6,70.9,59.0,67.7,63.8,49.0,50.2,53.4,65.3,74.3,67.8,66.9,48.0,41.2,59.4,52.6,57.1,57.7,70.2,70.1,55.0,50.4,67.7,55.6,59.3,50.7,39.6
Dec-05,43.3,73.9,61.0,71.5,58.4,63.7,47.7,70.9,59.2,67.7,63.9,49.5,50.1,53.6,65.0,73.7,67.7,66.4,47.3,42.3,58.8,52.6,56.9,57.9,71.1,70.7,55.2,50.3,66.9,57.4,59.0,50.8,40.6
Jan-06,40.3,73.8,61.2,71.8,58.6,64.4,47.9,70.8,60.0,67.7,63.7,50.8,51.2,55.0,65.0,73.0,68.3,67.5,47.7,43.0,59.8,53.7,57.1,57.5,71.3,71.5,55.7,50.5,67.6,58.0,59.3,51.4,41.6
Feb-06,41.3,74.1,60.9,71.5,58.2,64.8,48.5,71.8,60.9,67.4,63.4,51.2,50.2,55.1,65.5,73.8,68.1,68.5,49.3,43.3,59.3,53.1,57.3,58.2,70.4,72.0,56.0,50.6,68.1,57.2,59.6,51.6,43.0
Mar-06,41.5,73.6,61.1,71.6,58.3,65.2,49.0,72.2,60.7,67.2,63.3,50.9,51.6,56.0,66.0,74.2,68.8,69.0,50.4,43.4,59.6,53.5,56.9,58.0,69.6,71.6,56.5,50.9,68.7,56.1,59.5,53.2,43.2
Apr-06,40.8,74.6,61.4,72.3,58.4,65.4,49.7,72.4,61.0,67.8,62.8,51.5,52.0,55.5,66.4,75.2,68.4,69.7,51.7,44.3,59.7,53.9,56.9,59.4,70.2,71.8,57.3,51.6,68.8,57.5,59.6,54.1,43.6
May-06,40.0,75.5,62.1,72.5,58.9,65.6,50.6,72.1,61.8,68.3,63.6,52.1,53.9,56.1,67.2,75.0,69.2,70.4,52.5,45.0,60.4,55.9,57.8,59.7,71.9,72.2,57.7,53.2,68.9,58.4,59.9,55.3,43.6
Jun-06,38.9,76.8,62.4,73.0,59.8,66.3,51.0,72.7,63.0,69.3,64.9,53.8,54.9,57.5,67.4,75.4,69.5,71.1,52.7,45.7,62.0,56.5,59.1,60.1,73.4,73.0,58.3,54.0,69.9,59.2,60.8,56.0,45.1
Jul-06,43.2,77.3,63.4,72.3,60.2,67.0,52.0,73.5,63.5,69.7,66.3,54.4,55.9,58.8,67.7,76.2,70.7,70.7,51.7,46.2,62.5,57.6,60.6,60.6,73.6,73.9,58.5,55.4,70.5,59.1,62.3,57.2,45.4
Aug-06,45.7,77.8,64.2,73.9,60.1,68.0,52.8,74.3,64.3,70.3,66.8,55.8,56.6,60.3,68.2,77.5,70.9,71.6,52.3,46.4,63.5,58.4,61.0,61.5,73.9,74.7,59.6,55.5,71.0,60.2,62.9,58.2,46.2
Sep-06,48.2,77.4,65.1,74.1,60.1,68.3,52.7,74.8,65.3,70.9,66.9,56.4,57.0,60.4,69.4,78.0,71.4,72.5,52.9,45.9,63.5,59.3,61.5,62.5,74.2,75.6,60.6,56.0,70.6,61.4,64.0,58.8,46.1
Oct-06,46.6,77.3,65.0,75.1,61.5,69.0,52.4,75.0,65.6,71.5,67.1,57.1,57.0,60.2,70.5,78.4,71.0,73.2,54.6,46.0,64.4,59.5,61.3,62.3,75.7,75.8,60.9,57.4,71.5,62.2,64.3,58.9,46.9
Nov-06,45.2,78.0,65.2,75.2,61.8,69.4,53.0,75.6,65.4,71.6,66.9,57.0,56.3,59.7,70.8,78.1,71.4,72.7,53.2,48.0,64.2,59.4,61.6,63.0,76.4,76.2,61.5,57.6,72.6,62.9,65.0,58.9,46.0
Dec-06,46.7,79.2,65.9,76.0,62.5,70.1,55.7,76.0,65.7,71.8,67.5,56.5,54.9,60.0,71.2,78.4,72.3,71.8,53.5,49.1,65.1,59.6,62.3,63.8,76.5,76.7,62.3,58.8,73.6,63.9,65.8,60.1,45.9
Jan-07,46.1,80.2,66.4,76.3,62.3,70.2,56.4,77.1,66.3,72.3,68.4,56.9,55.6,61.0,71.8,78.5,72.9,72.4,54.2,51.9,65.3,60.6,63.2,65.3,77.0,77.6,63.4,57.9,73.8,64.9,66.5,60.9,47.3
Feb-07,51.0,80.5,67.2,76.4,64.1,70.8,57.4,77.4,67.8,73.1,69.3,57.7,57.7,62.5,72.2,79.4,73.5,73.3,56.8,52.9,66.7,61.7,64.2,66.1,77.1,78.2,64.7,59.0,74.5,65.2,67.6,62.6,48.4
Mar-07,51.4,81.3,67.3,77.0,64.6,71.0,57.2,78.2,68.4,73.4,69.2,58.8,60.5,62.6,72.0,80.8,73.7,74.9,57.5,54.2,67.8,63.4,64.7,66.7,78.4,79.4,65.4,61.9,75.1,65.8,67.4,62.8,49.5
Apr-07,53.5,81.7,68.0,77.6,65.9,72.3,58.7,78.5,69.4,73.9,70.2,58.9,62.1,63.9,73.0,82.1,74.7,74.9,58.3,54.7,69.0,64.3,65.4,67.8,78.6,79.6,67.1,64.6,76.0,67.3,68.1,65.0,48.2
May-07,52.5,82.6,69.1,78.6,66.1,72.9,57.3,79.0,69.6,74.6,71.1,60.0,62.9,65.2,73.8,84.0,75.7,75.9,60.0,54.7,70.2,65.8,66.4,69.0,79.8,81.0,67.8,66.5,77.2,69.6,68.5,66.3,49.9
Jun-07,55.6,83.4,70.2,79.5,67.8,73.8,59.0,79.7,70.1,76.3,71.7,60.1,64.3,67.5,74.8,84.9,76.6,75.9,63.3,55.1,71.3,68.0,66.7,70.3,81.1,81.7,68.7,66.0,78.5,70.9,69.7,67.0,51.2
Jul-07,59.6,84.5,71.9,80.7,69.7,74.6,60.6,81.0,71.7,78.5,72.3,62.2,66.3,68.5,75.0,85.7,78.0,78.6,64.8,56.8,72.8,69.3,67.6,70.8,82.1,83.7,70.3,66.4,79.9,72.5,70.7,68.3,54.1
Aug-07,60.5,85.1,72.5,80.8,70.6,75.7,63.7,82.6,72.9,80.5,73.2,64.3,68.7,69.3,76.2,85.5,78.6,80.0,66.8,59.4,74.2,71.4,68.4,72.8,83.7,84.4,72.4,66.3,79.6,73.8,71.7,70.1,55.2
Sep-07,59.1,86.4,73.9,80.5,71.5,76.7,64.9,83.2,74.2,81.2,74.5,66.9,70.0,71.6,77.7,86.3,78.8,81.6,67.4,63.3,75.2,72.2,69.9,73.8,84.3,85.2,72.6,66.1,80.6,73.9,72.7,71.3,56.5
Oct-07,58.2,87.1,74.2,80.8,70.5,77.3,65.0,84.0,74.6,80.8,75.0,66.5,70.9,71.8,78.2,86.9,78.7,81.8,68.0,61.5,76.0,72.6,70.7,74.5,85.1,85.3,72.2,66.2,80.9,74.4,72.0,71.5,57.0
Nov-07,57.5,88.0,75.0,82.2,70.8,78.3,64.3,84.6,75.2,80.7,75.0,66.0,69.7,71.0,78.6,87.4,79.6,81.1,66.8,59.2,76.1,71.7,71.3,72.6,84.8,84.9,72.1,67.8,82.1,73.4,72.3,70.7,57.1
Dec-07,59.2,87.5,74.6,83.5,70.4,78.8,62.7,85.8,74.8,80.8,75.0,64.2,68.4,69.1,78.1,87.8,80.4,81.3,67.0,58.4,76.2,70.1,71.3,72.4,84.8,84.5,73.4,68.7,83.8,74.4,72.6,69.8,57.6
Jan-08,60.2,88.3,74.7,84.1,71.1,78.6,63.2,85.9,75.2,81.2,75.1,65.7,66.6,68.9,78.3,88.1,80.7,81.4,66.2,61.7,75.4,69.8,71.0,72.9,85.1,84.6,72.5,67.9,83.7,73.8,73.8,68.9,56.0
Feb-08,57.9,88.0,73.6,83.8,71.0,77.8,65.7,85.5,74.1,81.4,75.5,65.4,67.5,69.2,78.1,87.9,80.0,81.3,66.2,63.4,75.3,68.7,71.0,73.7,84.2,84.9,71.8,65.9,84.1,75.8,73.2,68.0,56.0
Mar-08,51.7,89.2,72.8,83.6,70.7,76.7,66.3,84.9,74.6,80.5,75.4,66.8,68.3,68.5,78.0,87.3,79.6,81.1,65.2,61.6,74.3,69.0,70.6,74.0,82.6,84.8,71.3,64.9,82.0,77.6,72.6,68.8,53.6
Apr-08,48.8,87.7,72.4,82.5,70.2,76.2,66.3,84.3,73.0,80.4,75.9,67.4,66.4,68.9,78.8,86.6,78.6,80.0,65.4,58.1,74.7,69.3,70.0,73.9,80.4,84.6,72.2,66.5,81.8,78.8,71.2,67.8,55.1
May-08,49.7,88.0,73.3,82.4,70.3,76.1,65.7,83.9,73.7,80.0,75.5,69.1,66.2,70.0,78.5,86.2,78.1,81.7,64.8,57.9,74.0,68.6,69.3,73.6,80.5,84.1,72.0,66.9,80.8,78.6,70.7,67.9,55.2
Jun-08,53.7,86.7,73.9,81.2,70.3,75.7,65.8,83.0,72.6,79.4,75.9,70.7,65.3,69.7,77.8,85.0,78.1,81.4,63.6,58.4,75.1,67.2,69.0,73.5,83.1,83.9,72.1,68.3,81.1,75.5,70.2,66.7,55.1
Jul-08,56.4,86.8,73.2,80.5,71.1,75.2,67.8,82.4,72.1,78.8,73.6,69.3,66.3,68.6,76.5,83.8,77.9,80.6,64.1,62.6,74.3,66.9,68.5,72.2,83.9,83.4,71.8,67.3,79.7,74.0,69.6,66.4,55.9
Aug-08,60.3,85.9,71.4,79.5,69.9,73.9,68.2,82.6,71.1,77.1,72.2,67.9,66.5,64.7,75.0,83.2,76.9,78.3,62.4,61.4,73.5,67.2,68.3,71.3,81.3,82.6,70.9,67.3,78.3,72.6,68.4,64.3,55.1
Sep-08,59.5,83.9,69.5,79.1,69.7,72.7,66.9,80.7,71.1,76.2,70.3,64.6,64.8,63.2,73.7,81.9,76.1,76.8,62.5,61.8,71.5,68.5,67.8,69.3,78.3,80.4,68.4,64.6,75.9,71.5,66.7,64.9,56.1
Oct-08,56.1,80.8,69.1,77.6,67.0,71.4,64.7,78.5,69.6,74.8,68.9,63.8,62.3,62.4,72.5,79.4,74.7,75.6,59.8,57.5,69.6,65.6,66.0,68.0,74.4,77.3,64.9,62.2,74.4,70.9,64.2,63.4,54.9
Nov-08,50.6,79.2,68.2,75.6,65.6,70.3,61.4,75.1,67.7,72.4,67.8,63.8,58.4,63.3,69.4,76.5,74.5,72.3,57.4,57.5,68.3,62.5,63.3,64.3,74.1,74.0,60.7,60.8,73.5,65.9,62.6,62.4,55.6
Dec-08,49.4,77.1,66.3,73.7,63.7,69.1,59.4,73.6,64.4,71.2,67.6,62.7,59.6,61.2,68.2,74.3,72.5,70.8,55.5,55.2,66.4,60.3,60.8,63.3,69.0,71.6,59.4,58.9,71.6,62.9,61.9,58.7,55.3
Jan-09,51.1,75.8,63.9,73.8,61.6,68.4,58.1,71.7,62.5,69.2,67.8,63.4,59.8,58.8,66.7,73.6,70.5,70.0,53.4,50.9,64.4,59.6,60.1,64.0,68.0,70.0,59.4,59.1,70.3,61.7,62.2,57.7,53.8
Feb-09,50.2,73.6,62.7,72.1,62.4,66.9,58.9,70.9,61.6,69.4,67.2,60.6,58.9,57.1,67.1,73.5,67.7,70.0,53.9,47.8,61.3,59.6,60.9,65.5,67.1,69.4,60.5,57.6,67.6,63.6,61.3,57.8,51.9
Mar-09,50.9,71.3,62.6,71.5,62.9,65.8,60.5,70.1,60.9,67.7,65.5,62.3,55.8,57.8,66.1,74.6,66.4,68.2,53.0,45.6,59.0,57.8,61.3,64.8,68.8,68.2,60.0,57.2,67.1,65.0,60.1,58.5,51.4
Apr-09,44.1,69.2,62.1,69.4,63.7,64.7,58.7,70.2,60.8,67.8,64.7,57.0,56.5,57.4,64.9,74.0,66.2,67.1,53.8,47.4,58.1,56.0,62.4,61.9,68.4,68.0,59.3,56.4,66.8,63.1,58.7,58.5,52.1
May-09,47.7,67.4,62.5,69.7,61.8,65.1,57.5,69.4,60.9,67.6,63.2,56.3,56.3,57.5,64.9,73.1,67.1,67.2,53.3,50.6,59.3,57.1,60.6,61.3,65.9,69.1,59.3,56.2,66.9,62.8,58.0,59.7,53.3
Jun-09,44.5,68.2,63.2,70.0,62.3,66.1,56.5,69.0,61.8,69.7,63.1,53.6,56.5,59.1,65.1,72.0,67.3,68.4,53.8,54.8,59.7,58.5,60.8,60.0,65.6,71.5,60.0,57.2,66.5,62.6,58.0,62.4,52.3
Jul-09,48.4,70.0,65.3,71.4,61.2,66.6,58.6,69.3,64.0,70.5,63.4,57.8,57.4,61.0,66.2,73.1,68.0,70.1,55.1,58.6,61.2,61.3,60.5,61.5,66.5,72.8,61.2,57.8,67.6,60.7,58.5,63.8,53.6
Aug-09,46.0,71.0,66.1,72.5,62.2,66.7,60.7,69.7,65.2,71.8,65.3,59.1,60.3,61.7,67.9,74.1,68.7,72.4,57.7,59.6,62.8,61.9,61.9,64.0,68.5,73.4,62.8,59.1,69.1,59.0,59.7,63.3,53.4
Sep-09,49.9,70.8,67.3,73.1,61.2,67.4,61.7,70.6,67.3,71.7,67.4,62.0,62.7,63.4,69.5,74.6,70.0,73.3,59.9,58.1,65.1,62.7,62.8,66.0,67.7,73.3,64.1,60.5,70.6,60.8,61.3,63.3,56.7
Oct-09,51.0,71.2,67.2,73.9,63.0,68.3,61.2,71.0,68.0,72.3,68.8,62.7,62.7,64.8,69.6,75.0,71.4,73.2,60.3,56.1,66.2,64.1,64.2,66.4,67.8,74.5,65.9,60.2,71.1,64.8,62.2,64.0,57.6
Nov-09,50.8,71.5,67.4,74.3,63.5,68.9,58.4,71.5,67.6,72.4,69.3,64.0,62.7,64.9,69.6,76.0,72.1,72.7,59.6,57.4,66.3,64.5,64.6,66.2,68.2,74.2,66.6,60.0,71.7,68.5,63.0,64.6,58.7
Dec-09,52.6,73.1,67.7,75.1,64.4,69.4,58.0,72.8,67.8,72.7,69.5,62.8,63.9,63.3,70.3,76.5,73.1,73.4,58.6,57.5,66.4,63.9,64.8,66.3,69.6,74.9,68.0,59.3,72.2,68.2,63.0,64.0,58.9
Jan-10,59.3,74.0,68.7,75.5,64.6,69.9,59.1,73.4,68.7,73.6,69.7,63.0,66.2,64.7,71.5,76.7,72.7,74.8,59.8,60.5,67.9,64.8,64.9,67.4,70.0,75.4,69.4,61.3,73.5,68.2,63.4,64.3,61.0
Feb-10,62.6,74.1,69.1,76.9,65.6,70.6,62.4,75.3,69.8,75.0,69.9,63.6,67.0,66.1,72.1,77.9,72.6,75.5,62.1,59.3,67.1,65.0,65.8,66.8,70.7,76.4,71.0,63.3,74.9,68.7,64.8,66.3,62.8
Mar-10,63.6,74.0,70.4,77.3,66.8,71.0,64.8,76.0,70.0,75.7,70.6,63.3,66.5,67.5,73.0,78.1,72.5,75.8,63.2,62.5,69.3,66.9,67.0,68.7,71.9,76.2,71.5,64.1,76.5,70.2,65.6,67.4,62.2
Apr-10,58.5,74.0,71.1,77.5,68.1,71.6,64.9,77.2,69.3,75.6,70.2,63.5,66.6,66.8,73.7,78.4,73.8,75.3,63.9,62.3,69.1,66.7,66.4,69.3,72.7,75.1,70.3,65.5,76.4,71.0,66.4,68.4,60.5
May-10,58.1,74.9,71.8,76.4,68.3,72.6,63.7,76.3,69.5,75.6,71.1,62.7,67.4,68.2,74.6,78.7,74.2,75.4,63.8,65.2,71.7,67.4,66.5,71.0,73.3,74.5,69.7,65.8,77.0,69.9,65.9,68.8,59.3
Jun-10,54.6,76.0,71.7,76.3,68.0,73.1,64.0,75.9,69.6,76.6,71.0,65.1,69.3,69.7,74.4,79.2,75.5,75.6,64.9,62.6,70.9,67.5,65.6,71.3,73.4,74.6,70.1,67.8,76.5,69.6,65.0,69.7,60.9
Jul-10,53.6,76.6,72.9,76.5,68.7,73.4,68.1,75.4,71.1,77.8,73.7,64.9,70.5,70.8,75.3,80.4,75.9,77.8,65.4,64.4,72.7,68.8,66.3,72.0,74.8,76.2,70.8,67.9,76.6,69.0,65.8,70.5,61.4
Aug-10,56.5,77.3,74.1,77.1,70.1,74.1,71.4,76.1,72.3,78.5,75.0,65.6,72.0,70.7,76.0,80.9,76.7,79.0,65.8,62.9,73.4,70.0,67.1,72.3,74.7,78.2,71.3,68.4,75.8,69.8,65.7,70.1,63.3
Sep-10,58.1,77.4,75.4,77.5,70.9,74.3,71.5,76.5,73.0,77.9,75.5,65.5,72.3,71.5,76.3,80.9,77.4,81.0,66.9,65.8,74.7,69.6,67.4,73.2,75.7,80.7,71.8,67.5,75.9,69.3,67.1,68.9,63.8
Oct-10,58.2,77.4,74.6,76.7,70.7,74.1,70.2,76.5,73.4,77.5,74.0,64.9,70.5,70.5,76.8,81.2,76.8,78.2,66.1,65.4,73.2,68.5,66.6,73.4,75.0,81.5,71.4,66.1,76.2,69.7,66.2,67.3,64.4
Nov-10,54.9,76.9,74.1,76.7,70.2,73.9,69.2,75.4,72.7,77.4,72.7,63.2,68.1,71.3,76.5,80.2,76.7,77.2,67.0,66.8,72.5,66.7,66.3,72.2,75.2,81.5,71.0,65.1,76.3,68.8,65.9,64.9,63.3
Dec-10,56.8,75.7,72.6,76.5,69.5,73.7,70.7,74.4,72.6,78.0,72.4,62.9,66.3,69.8,77.0,79.8,75.3,76.2,66.2,67.4,72.7,66.3,65.6,70.4,74.8,81.2,71.5,65.8,75.6,69.0,65.1,64.9,62.5
Jan-11,56.5,74.4,73.2,76.6,69.2,73.8,70.2,74.1,72.5,78.0,72.5,62.7,66.3,69.3,75.8,78.5,75.9,77.1,67.7,65.5,73.9,65.8,66.6,70.6,75.0,81.6,72.5,68.4,75.2,69.6,64.3,66.3,61.3
Feb-11,64.3,73.8,73.6,76.6,68.5,72.8,70.5,74.1,73.2,77.1,72.2,64.0,66.8,70.5,76.1,77.7,76.1,78.0,66.3,64.3,73.0,66.5,66.9,70.3,73.9,82.0,73.1,70.0,76.2,70.4,64.6,67.8,61.8
Mar-11,60.7,73.5,74.8,75.8,69.0,72.6,71.1,73.9,72.7,76.0,71.3,62.7,68.5,70.3,75.7,77.5,76.4,79.0,66.7,67.0,72.0,66.5,66.6,70.8,72.6,82.0,71.8,69.2,76.4,71.5,63.9,69.3,64.5
Apr-11,65.9,73.8,73.8,76.8,69.9,72.7,72.3,74.1,73.0,75.3,71.7,64.8,70.7,71.9,76.2,77.8,76.0,79.6,69.5,73.1,70.6,67.7,66.9,70.4,72.2,79.8,72.0,67.8,75.9,71.9,64.5,69.8,66.6
May-11,58.6,73.9,72.7,76.9,70.7,74.1,70.8,73.9,72.3,74.2,73.3,64.5,72.3,70.2,75.5,79.0,75.6,79.8,68.9,71.5,72.0,68.0,65.5,71.7,73.4,79.0,72.2,67.6,75.2,71.2,64.8,71.0,66.3
Jun-11,59.5,73.8,71.6,76.8,70.6,73.8,70.8,74.1,73.3,74.3,73.5,65.0,72.6,71.0,75.6,79.9,75.2,78.9,69.0,69.4,71.9,69.0,65.8,71.6,74.4,78.8,71.9,69.1,74.2,69.3,64.7,71.0,64.1
Jul-11,53.6,73.1,72.0,76.4,70.9,73.9,71.1,74.5,73.7,74.9,72.7,65.8,71.3,72.8,74.9,80.3,75.5,79.3,67.7,66.8,73.0,69.0,65.7,72.3,74.7,80.7,72.4,71.9,74.9,68.1,65.3,70.3,64.6
Aug-11,53.8,74.3,72.4,76.2,71.2,73.1,73.2,74.7,74.5,77.2,72.2,66.6,71.1,75.0,75.3,79.0,75.9,80.2,70.0,69.5,73.4,70.8,68.1,73.9,75.1,81.4,73.3,73.6,74.8,69.3,64.8,71.5,66.0
Sep-11,55.6,75.8,73.5,77.3,72.5,74.1,74.9,75.3,74.6,78.1,73.1,68.8,71.7,75.6,75.7,78.8,76.1,80.4,71.2,70.9,74.0,71.2,68.9,75.3,76.2,81.4,75.8,72.6,76.3,70.9,66.2,70.9,66.5
Oct-11,57.4,76.1,73.8,77.5,72.0,74.4,74.5,75.0,73.8,78.1,72.3,67.6,73.0,72.6,76.2,79.3,76.7,80.0,70.1,69.8,74.5,71.7,68.6,74.7,76.4,80.3,75.6,70.6,76.4,71.4,66.4,70.2,65.1
Nov-11,61.1,74.9,75.1,76.9,72.4,74.6,73.7,75.8,72.6,77.9,71.3,68.9,73.6,70.4,77.0,80.3,76.8,78.0,69.7,72.4,74.0,70.4,66.9,72.6,76.4,80.1,74.7,68.2,76.6,71.7,66.6,68.9,65.1
Dec-11,63.3,73.9,75.1,76.2,71.3,74.8,71.1,75.4,73.5,77.8,70.4,67.9,72.0,69.6,76.6,80.4,77.8,77.3,69.0,70.0,74.8,70.2,67.3,71.2,75.7,79.9,73.7,69.6,76.9,71.1,66.5,69.8,65.4
Jan-12,67.1,74.5,76.1,75.4,73.2,74.0,71.2,75.2,73.9,77.6,71.9,69.1,69.6,70.1,76.8,79.5,77.0,76.8,69.5,70.8,74.5,69.9,67.9,71.1,76.8,79.3,73.3,70.4,76.2,70.7,66.2,71.9,66.9
Feb-12,65.1,74.3,76.3,76.1,72.2,74.7,71.6,75.4,74.8,76.3,72.5,66.2,70.7,70.9,76.3,79.3,77.4,77.8,70.4,71.1,74.5,71.0,68.7,71.7,75.7,79.6,74.5,70.9,76.1,69.2,66.5,70.7,67.0
Mar-12,67.3,74.7,75.6,75.9,72.2,74.0,73.9,75.5,74.0,75.3,73.2,66.0,72.4,71.5,75.7,79.2,76.5,77.0,70.7,71.7,73.1,71.3,68.6,72.0,76.1,79.5,74.6,70.6,75.9,68.1,66.2,70.3,65.8
Apr-12,66.9,74.9,76.1,76.3,70.3,74.4,74.7,76.6,73.9,75.6,73.6,66.3,75.7,72.6,76.3,78.9,77.0,77.7,71.5,73.9,73.2,72.3,68.2,72.3,75.2,80.9,75.1,70.8,76.4,67.6,66.6,69.5,66.6
May-12,73.2,75.7,76.6,76.5,71.4,74.5,74.8,76.8,75.4,76.4,74.3,67.5,75.4,74.0,75.9,79.1,77.4,78.3,73.6,74.2,74.7,73.4,69.8,73.7,76.7,82.0,75.3,74.0,77.3,67.2,67.6,72.7,68.1
Jun-12,69.2,76.4,78.4,77.4,73.9,75.6,74.7,77.3,78.0,78.0,75.2,68.4,77.7,75.0,78.0,79.3,78.2,79.9,73.7,78.5,75.6,75.5,70.6,75.1,76.4,82.3,77.1,75.8,77.6,69.3,68.7,74.0,72.2
Jul-12,69.3,76.3,78.5,77.9,76.6,76.3,78.0,77.0,79.9,78.3,76.0,69.1,79.3,75.3,77.6,80.2,79.1,81.3,70.6,78.6,76.3,76.0,71.5,76.2,77.8,83.1,79.0,77.9,78.4,69.6,69.9,76.2,72.9
Aug-12,63.3,75.5,78.6,78.4,78.9,76.9,79.8,76.9,80.2,79.7,76.0,70.9,80.9,76.3,79.5,79.6,79.4,81.7,68.8,79.4,77.2,76.7,71.5,76.8,77.3,82.9,79.4,76.0,77.7,71.3,69.7,77.1,75.7
Sep-12,67.1,75.1,79.6,78.5,76.5,76.4,79.7,77.2,79.1,80.4,75.8,71.9,80.4,77.3,79.6,80.3,80.4,82.5,69.8,80.6,77.9,75.8,73.0,76.9,77.0,83.9,78.5,75.5,78.5,71.0,69.4,77.6,74.8
Oct-12,66.6,75.1,79.4,78.7,75.5,76.7,77.2,77.4,79.0,80.8,75.6,71.2,82.5,77.6,81.2,80.4,81.1,82.4,72.4,82.0,78.9,76.7,73.6,77.4,76.1,84.0,76.9,74.1,78.8,72.2,68.4,76.0,75.4
Nov-12,66.5,75.7,79.2,78.5,74.3,76.6,77.5,77.7,79.9,81.0,75.5,72.5,81.1,76.8,80.2,81.2,81.2,82.1,74.9,81.6,77.8,75.8,72.7,75.7,76.0,82.8,77.9,74.8,79.4,72.2,68.5,75.0,74.6
Dec-12,62.7,76.3,78.3,79.1,76.2,77.4,80.6,78.5,79.4,80.7,76.2,73.0,83.5,76.7,79.5,80.6,80.7,82.0,75.0,79.6,78.8,76.2,72.1,76.6,77.1,81.4,78.6,77.8,79.4,72.6,69.9,76.0,76.3
Jan-13,59.4,76.3,78.7,79.9,77.0,76.9,81.5,78.2,78.8,81.6,76.6,74.8,82.1,77.1,78.5,79.3,80.3,81.3,77.4,81.3,78.6,75.2,71.3,77.7,77.8,80.9,79.9,76.6,79.2,72.2,69.9,77.5,75.4
Feb-13,63.7,77.0,78.7,80.5,76.6,76.6,84.7,77.6,78.2,80.6,77.1,75.2,84.4,78.1,79.2,79.3,79.4,80.8,75.8,80.8,78.9,77.3,71.9,78.6,78.3,81.1,79.9,78.8,79.1,72.3,70.8,79.5,75.1
Mar-13,67.4,77.0,78.8,80.4,76.4,76.2,82.5,77.4,78.0,80.7,77.8,75.6,84.2,79.2,79.6,79.3,79.1,83.1,76.8,82.0,79.1,78.5,72.1,77.4,78.6,82.4,80.0,73.8,79.0,70.5,70.8,78.5,74.8
Apr-13,75.4,77.2,78.4,80.6,77.2,77.0,84.4,77.8,79.7,79.4,77.8,76.1,83.4,79.0,79.5,80.3,79.6,85.4,77.1,79.4,79.9,79.6,73.8,77.2,79.2,82.1,81.1,77.8,79.0,71.7,72.2,79.6,79.0
May-13,73.8,77.5,79.0,80.3,77.7,77.6,84.6,79.8,80.3,80.2,78.7,76.3,84.6,79.5,80.0,81.1,81.1,87.6,77.7,82.7,81.1,78.6,74.4,78.0,79.7,82.5,81.4,78.7,80.7,72.0,73.8,79.4,80.5
Jun-13,84.6,78.5,79.7,80.4,79.1,78.9,87.2,81.3,82.5,80.7,78.4,77.2,83.1,77.0,80.7,81.0,82.2,86.6,78.8,85.5,80.2,79.6,75.5,80.1,80.8,83.2,82.5,81.9,81.4,74.7,74.4,81.0,81.3
Jul-13,83.1,79.3,81.8,80.2,79.5,79.7,89.0,82.5,83.5,82.4,79.3,78.4,85.5,79.9,82.4,81.8,82.4,87.0,79.7,88.3,79.9,81.9,75.8,81.8,80.6,85.4,82.8,81.3,82.4,75.3,75.7,82.2,80.5
Aug-13,82.4,78.9,82.8,81.5,82.2,80.9,91.9,83.1,84.2,84.3,80.2,80.9,85.5,82.2,83.2,81.5,82.2,88.5,81.9,90.6,80.1,83.2,77.8,84.2,80.8,86.4,85.1,81.0,82.9,76.0,76.3,84.4,79.8
Sep-13,67.6,79.4,83.5,82.5,83.5,81.4,91.7,83.1,84.6,84.9,81.6,84.1,89.6,87.3,83.5,82.5,82.6,89.6,82.8,92.7,82.0,85.5,79.6,85.9,80.5,87.1,85.9,83.3,83.4,76.6,78.2,87.5,83.4
Oct-13,67.3,80.3,83.6,83.6,84.1,82.2,89.6,83.9,83.8,85.9,82.0,83.7,90.6,87.6,83.8,83.3,83.7,90.6,83.7,89.3,83.2,87.8,81.6,84.6,80.4,87.3,86.5,84.1,84.7,79.7,78.7,86.9,85.4
Nov-13,69.8,82.7,84.7,83.8,85.4,82.9,86.1,84.2,84.7,85.6,83.1,84.7,90.6,87.3,84.6,84.1,84.4,89.8,85.9,89.0,84.0,89.3,82.5,84.1,82.0,87.7,85.4,84.1,85.2,83.4,79.4,87.2,87.5
Dec-13,78.5,83.2,85.0,84.8,85.1,84.3,87.2,85.2,85.6,86.9,85.4,85.8,91.0,85.6,86.2,85.1,85.4,90.0,87.6,87.9,84.9,90.7,83.4,84.6,82.5,88.5,84.9,86.8,86.2,86.4,80.7,87.4,87.8
Jan-14,79.8,84.0,86.3,85.7,86.3,84.7,90.4,86.3,88.4,86.5,87.1,88.4,91.0,88.3,86.7,85.8,85.6,90.4,88.9,91.7,86.5,89.5,85.1,89.0,84.3,89.1,86.5,88.6,87.6,87.2,82.4,89.8,87.6
Feb-14,82.7,84.3,87.5,86.5,86.2,85.4,93.5,87.7,89.9,87.1,87.8,90.2,93.2,87.8,86.5,87.1,86.8,90.5,89.5,91.2,88.2,92.1,86.0,91.0,84.2,89.7,87.0,89.7,88.5,88.6,84.7,91.8,90.1
Mar-14,83.5,86.3,89.2,86.9,86.9,85.6,93.5,89.1,91.6,87.6,87.0,92.4,93.0,88.8,87.0,88.3,86.9,91.5,90.5,92.1,90.1,91.1,87.3,92.4,84.3,89.0,90.1,88.4,89.4,90.3,85.7,93.3,89.9
Apr-14,84.9,87.7,89.9,88.6,89.7,87.9,94.7,92.0,93.3,89.0,89.4,93.9,94.4,88.3,88.4,90.2,88.1,90.7,90.6,93.7,91.7,93.8,88.6,93.8,87.2,89.3,93.5,89.0,90.4,92.4,87.3,95.6,91.2
May-14,87.1,89.3,91.3,90.2,92.5,90.3,97.0,93.8,95.8,90.3,91.5,96.4,95.1,92.2,90.2,91.5,90.8,92.3,92.6,96.2,92.8,96.1,91.9,96.2,89.6,90.4,96.8,93.4,91.4,93.4,89.0,97.9,91.8
Jun-14,89.0,90.0,92.9,92.6,94.8,93.3,100.0,95.0,98.3,91.6,96.2,98.1,97.4,95.7,91.1,92.8,93.1,93.6,94.3,98.8,94.7,98.7,93.0,100.6,92.8,92.4,98.9,95.4,92.7,93.8,91.3,100.5,94.5
Jul-14,92.4,91.8,95.0,95.5,95.6,95.8,102.3,95.7,100.2,94.0,96.0,100.0,101.2,98.1,92.5,94.0,94.8,98.9,97.3,102.5,97.1,101.1,94.6,102.7,94.8,94.3,100.8,97.8,94.1,93.4,94.8,101.8,96.4
Aug-14,97.2,93.1,96.8,97.5,96.1,97.1,103.2,98.3,102.5,96.5,98.8,102.3,104.1,100.1,93.6,96.0,95.3,101.9,99.1,102.6,99.9,101.8,96.1,106.5,97.3,95.7,102.4,98.8,96.8,94.8,97.3,103.5,97.2
Sep-14,96.2,95.6,97.7,98.8,97.9,99.2,104.4,100.6,102.8,97.8,98.2,102.6,105.6,102.0,95.8,97.5,96.3,103.7,100.7,102.4,100.2,104.8,97.6,105.3,99.3,96.2,103.8,102.0,100.3,96.2,100.6,103.0,97.6
Oct-14,97.4,97.2,97.8,98.7,97.0,99.8,101.4,102.0,101.1,98.9,98.9,102.9,104.2,103.1,97.0,98.6,97.0,103.3,100.1,101.6,99.6,105.2,97.4,105.8,100.1,97.3,102.8,102.5,101.8,98.7,101.0,102.4,97.9
Nov-14,97.3,98.4,97.2,99.5,97.6,100.4,100.0,101.0,100.2,99.2,98.2,99.4,101.9,101.8,99.0,98.7,97.4,103.2,97.5,103.9,100.2,103.8,97.5,102.3,100.4,98.9,102.7,102.2,102.0,98.2,100.9,100.0,99.7
Dec-14,98.7,99.2,97.7,100.1,99.2,100.0,98.9,100.5,100.1,99.7,98.6,100.3,100.4,100.7,100.3,99.8,98.0,102.0,98.2,100.5,100.5,101.4,98.5,101.7,100.4,100.5,102.0,100.1,100.8,99.3,100.8,100.1,99.9
Jan-15,100.0,100.0,100.0,100.0,100.0,100.0,100.0,100.0,100.0,100.0,100.0,100.0,100.0,100.0,100.0,100.0,100.0,100.0,100.0,100.0,100.0,100.0,100.0,100.0,100.0,100.0,100.0,100.0,100.0,100.0,100.0,100.0,100.0
Feb-15,97.1,101.3,102.2,99.8,99.5,99.4,99.9,100.5,99.9,100.2,99.9,102.3,100.4,99.3,100.0,100.7,101.3,98.4,103.2,98.0,98.8,99.4,100.9,101.3,100.6,100.7,99.8,99.5,101.0,100.5,99.6,101.2,100.3
Mar-15,97.9,101.1,102.6,99.7,100.2,99.2,98.3,101.4,99.8,101.1,99.2,101.7,101.5,98.5,99.2,101.1,102.5,100.2,102.2,99.5,99.4,100.4,100.1,102.5,101.7,100.5,100.0,99.6,101.1,99.6,99.1,101.3,98.9
Apr-15,93.0,101.0,102.3,100.0,101.6,99.4,97.4,102.4,101.6,101.8,98.8,105.3,102.6,99.7,100.7,101.1,102.8,101.4,104.0,98.3,100.8,100.9,100.2,103.2,103.4,101.7,102.1,99.9,102.1,100.4,100.3,101.4,96.8
May-15,97.3,100.8,101.0,101.0,104.1,101.1,96.9,103.0,102.4,102.7,100.7,107.8,104.2,101.3,101.6,101.9,103.6,103.7,104.5,99.5,100.3,104.2,101.0,104.7,104.8,101.2,101.8,102.4,102.3,103.7,101.1,100.4,94.5
Jun-15,99.1,103.4,102.6,102.2,103.1,102.5,100.1,103.8,104.3,103.9,103.3,109.8,105.3,102.9,102.9,102.5,104.5,104.2,105.7,98.5,100.6,106.0,102.8,105.0,105.4,103.6,102.3,104.3,102.9,105.5,103.6,100.5,95.1
Jul-15,99.4,107.1,101.9,105.2,103.7,103.1,103.1,106.0,106.6,106.1,106.6,110.7,105.5,103.9,104.1,105.0,105.5,105.9,104.8,101.1,101.8,109.8,105.0,109.5,106.9,105.5,103.5,106.4,105.2,104.8,105.0,102.6,98.2
Aug-15,97.0,109.8,103.8,107.1,104.8,104.4,106.5,108.4,108.1,108.9,107.4,111.9,106.6,107.2,107.0,106.0,108.0,107.0,104.8,100.2,105.3,113.2,105.8,110.6,108.4,108.2,106.7,107.9,106.5,103.1,108.2,105.5,95.8
Sep-15,97.9,110.6,105.0,109.4,106.4,105.6,108.3,110.9,110.1,110.8,107.6,111.6,106.4,111.4,108.5,108.0,110.3,109.1,106.7,103.1,105.6,115.2,108.3,113.2,110.9,109.3,108.4,108.6,108.6,103.6,109.7,106.5,99.5
Oct-15,99.7,110.7,106.7,109.3,109.2,107.8,107.6,111.9,112.2,111.9,108.1,111.2,104.6,112.8,109.8,109.7,112.8,108.9,106.6,96.6,105.6,113.1,108.9,113.1,112.5,111.7,110.4,109.0,109.1,104.8,112.3,107.1,98.7
Nov-15,94.6,112.2,108.3,110.3,107.7,108.6,106.1,113.0,115.0,112.6,109.3,110.8,104.2,114.4,109.7,111.8,113.9,109.4,105.9,98.6,105.2,110.4,108.8,115.4,114.2,113.3,108.6,108.7,110.1,108.2,113.7,107.1,103.8
Dec-15,91.0,115.0,108.7,113.0,110.8,110.3,103.5,114.4,115.4,113.8,113.5,112.7,105.4,113.7,111.6,113.3,115.0,110.0,103.6,96.3,107.9,109.8,110.1,115.6,114.9,113.5,108.0,109.3,111.1,109.1,114.1,107.3,103.8
Jan-16,94.0,117.6,111.0,117.5,111.0,110.9,105.0,115.2,114.1,115.2,115.1,116.4,105.2,113.9,111.9,114.4,116.2,112.1,103.6,101.7,109.0,111.3,113.1,114.8,117.2,114.2,108.5,110.8,111.8,112.7,115.7,107.7,104.9
Feb-16,97.7,119.4,110.5,120.5,114.1,111.8,107.5,117.0,114.3,116.4,115.2,118.6,105.6,112.3,113.7,116.6,118.2,112.5,102.0,98.6,109.7,113.8,116.6,113.7,118.5,116.2,110.1,111.6,114.2,113.1,119.4,107.2,101.3
Mar-16,101.4,121.0,111.3,120.0,112.0,112.3,111.0,118.4,114.7,117.8,113.5,120.7,104.5,111.9,114.4,119.3,119.1,114.1,104.8,100.4,110.3,116.2,117.5,116.7,120.9,119.4,111.7,114.8,115.1,115.3,121.4,108.7,99.5
Apr-16,102.8,121.2,112.1,119.2,114.7,113.3,108.9,120.6,115.7,119.7,115.6,114.0,106.3,112.3,115.6,120.1,119.3,114.3,103.9,99.2,112.0,116.5,117.8,118.7,121.4,119.6,109.1,115.1,117.1,112.2,121.3,109.1,98.9
May-16,107.9,121.8,115.7,120.1,115.5,114.0,104.9,122.2,113.9,120.9,118.6,109.9,105.7,115.1,115.5,121.4,120.1,117.2,104.8,97.7,114.5,115.8,118.7,121.1,123.6,119.7,110.4,115.8,118.1,110.6,119.1,110.7,103.2
Jun-16,115.9,122.4,117.0,122.5,116.7,115.9,100.2,124.1,115.7,121.6,119.9,106.6,106.3,116.4,115.0,122.2,121.5,116.1,102.7,94.9,116.1,115.6,119.0,120.9,126.3,119.5,110.3,112.7,120.2,108.0,119.8,110.1,104.2
Jul-16,116.4,124.6,116.0,124.3,117.0,117.8,98.0,126.0,116.0,122.7,119.6,109.9,103.7,118.7,116.3,125.3,123.4,118.0,105.3,93.6,116.5,118.5,120.7,120.4,128.0,121.3,114.1,113.0,121.5,108.9,122.2,110.9,105.0
Aug-16,108.2,127.0,115.4,124.9,115.7,118.8,100.0,128.0,117.3,124.7,119.5,112.0,102.4,116.6,118.0,126.3,123.3,118.8,106.7,91.9,115.1,120.1,120.4,120.1,129.2,122.9,113.0,113.8,122.4,110.3,122.7,110.1,101.0
Sep-16,99.6,128.9,115.9,125.8,118.0,117.6,102.2,127.8,115.8,127.1,119.2,114.6,99.8,118.7,118.1,128.5,122.8,116.0,105.0,93.4,113.1,120.2,120.8,119.2,130.3,124.0,112.3,115.9,122.0,113.9,122.8,110.7,99.1
Oct-16,101.1,130.1,115.7,126.1,119.3,115.4,104.6,127.4,115.7,126.8,118.0,116.4,98.4,118.0,119.1,128.2,123.1,114.7,103.0,92.7,113.4,118.2,119.4,118.8,129.2,123.5,107.7,116.7,121.9,114.3,124.1,111.6,98.5
Nov-16,104.5,129.9,114.1,126.8,118.8,114.6,107.9,125.9,115.3,126.0,116.9,118.8,98.7,117.4,117.7,128.4,123.3,113.2,103.4,98.6,114.0,117.3,118.6,115.2,129.7,122.5,107.8,115.3,120.8,114.9,127.2,111.1,102.3
Dec-16,103.6,129.8,113.2,126.5,116.0,115.1,108.1,125.9,117.7,124.8,117.9,116.9,100.6,117.4,118.8,126.3,124.5,116.8,105.1,103.3,115.0,116.1,117.2,114.6,127.0,123.7,107.5,114.0,120.3,113.1,128.1,111.1,105.4
Jan-17,104.7,128.3,115.5,126.1,111.7,117.1,111.2,125.8,118.7,124.0,118.7,119.6,103.1,120.9,117.2,126.8,124.1,119.1,103.8,106.2,114.2,115.5,117.8,113.9,127.7,125.7,110.4,112.8,118.9,112.5,128.6,109.0,106.5
Feb-17,104.7,127.5,117.1,125.6,112.5,117.0,107.1,127.1,118.7,122.2,119.7,117.5,104.4,124.4,119.1,127.6,125.4,119.5,101.0,107.5,115.1,115.0,118.6,116.8,129.2,124.8,110.3,112.6,119.3,115.5,127.2,109.8,110.0
Mar-17,109.0,126.4,119.1,125.6,114.7,116.8,105.7,127.7,117.8,121.2,119.3,114.1,102.5,122.6,119.4,128.7,125.1,122.5,100.9,105.1,113.7,115.4,120.8,116.7,131.1,124.0,111.5,115.1,120.7,113.6,129.0,112.4,108.6
Apr-17,115.6,127.5,117.8,125.7,115.5,116.7,103.8,128.0,116.9,123.1,120.9,109.5,105.7,119.6,122.0,127.6,124.6,122.4,103.7,106.6,115.0,115.5,119.4,120.7,131.3,122.3,111.9,115.6,122.3,114.2,126.8,113.9,113.6
May-17,119.9,130.0,118.1,127.5,115.9,118.0,105.9,127.7,117.9,125.5,121.2,107.5,103.1,120.2,121.5,126.7,123.7,120.8,107.0,105.7,114.9,117.4,119.6,121.3,131.5,125.1,113.1,117.5,122.7,110.1,127.6,113.6,112.5
Jun-17,118.8,131.6,115.2,128.7,116.4,119.0,109.6,129.2,117.3,127.0,124.5,113.6,103.2,122.8,121.3,127.8,124.2,117.9,108.0,102.1,116.8,119.0,119.1,122.6,130.2,123.9,113.7,117.7,123.3,111.1,125.8,112.0,111.4
Jul-17,109.1,132.6,114.4,131.4,116.1,119.4,112.4,130.5,118.7,127.6,127.4,116.6,102.7,124.7,119.5,131.0,125.8,117.7,108.4,99.3,116.0,120.8,121.7,120.1,130.8,125.9,113.7,118.4,123.8,110.3,128.7,112.7,108.4
Aug-17,108.1,132.2,114.1,131.6,117.8,119.1,112.3,131.0,118.4,127.6,128.4,121.9,106.7,124.7,119.7,132.4,125.4,120.1,109.3,95.8,115.7,120.4,122.8,121.9,129.8,126.5,115.1,119.8,124.4,109.4,129.3,114.4,106.0
Sep-17,106.8,132.9,116.6,129.8,116.0,119.1,112.3,131.2,118.6,127.9,128.6,122.6,103.6,124.5,120.5,133.1,126.9,118.6,108.8,96.7,116.6,120.2,124.3,122.6,132.8,129.6,113.7,118.9,124.3,111.5,131.1,113.1,106.6
Oct-17,104.4,133.3,117.9,128.3,115.6,118.9,108.5,130.1,117.0,126.2,126.0,122.4,102.5,122.4,122.7,132.2,126.5,118.6,106.8,97.3,116.7,118.7,122.8,125.8,132.3,129.9,112.8,117.1,124.0,115.1,130.6,111.0,106.0
Nov-17,100.8,133.5,117.4,128.5,114.7,119.4,110.0,130.1,116.2,125.8,124.6,119.6,101.3,119.5,121.7,131.9,125.6,117.8,104.5,102.4,115.4,117.0,122.4,123.9,129.9,128.9,109.9,110.4,124.0,115.6,130.1,109.2,106.5
Dec-17,99.3,133.1,116.8,130.1,116.9,119.5,109.7,129.6,113.8,125.1,121.5,118.7,101.4,120.6,121.3,131.8,123.8,120.6,103.7,103.9,113.7,115.4,120.1,121.8,125.6,128.2,109.6,108.6,122.9,114.3,130.3,107.8,112.2
Jan-18,102.4,132.5,115.3,130.7,116.8,119.8,111.7,128.9,114.9,125.0,121.8,117.5,98.9,120.3,121.3,131.0,122.5,120.2,105.8,111.4,114.8,116.5,119.7,117.9,123.6,129.8,107.7,110.0,122.3,110.0,131.9,107.2,114.3
Feb-18,99.9,133.0,115.2,130.4,116.7,119.6,113.7,128.5,115.6,125.8,122.2,118.0,97.1,122.4,121.4,131.7,123.2,119.8,105.0,105.0,115.4,116.3,119.1,116.7,125.0,130.5,107.3,115.2,120.9,109.1,132.1,107.4,114.4
Mar-18,94.5,132.6,116.6,129.8,114.2,118.4,110.9,126.7,117.3,125.8,122.1,113.7,99.5,120.5,120.9,131.6,122.9,117.5,105.8,106.0,115.8,115.6,119.4,116.6,126.9,130.4,107.8,116.0,122.3,109.6,130.4,107.0,108.6
Apr-18,93.5,132.3,117.4,129.3,114.8,118.2,112.6,127.5,116.7,125.6,120.7,112.9,97.0,121.8,119.1,132.9,123.6,115.7,103.4,100.9,115.7,117.0,120.4,116.5,129.7,126.8,109.4,115.8,122.2,112.0,127.2,107.4,102.8
May-18,101.6,131.9,115.5,128.5,113.7,117.4,108.9,128.3,114.7,126.0,121.8,115.2,97.3,120.7,118.5,133.5,124.5,116.5,105.6,99.1,117.5,117.6,121.8,118.2,130.5,127.4,110.7,112.8,123.6,114.1,127.0,107.1,100.4
Jun-18,100.7,133.7,113.7,130.5,116.5,117.2,110.7,129.7,115.6,125.5,122.5,117.7,97.3,120.2,118.9,133.9,125.7,119.2,106.3,99.5,119.7,119.0,122.8,121.4,131.8,127.8,109.8,112.0,124.1,111.7,128.4,108.4,99.1
Jul-18,103.3,134.0,113.4,132.1,119.4,118.2,109.3,129.8,115.8,125.8,122.6,117.9,100.6,122.0,119.1,134.7,125.8,120.6,109.9,101.6,119.5,116.1,121.6,125.2,132.4,130.6,111.6,112.1,125.4,110.5,131.2,108.2,98.7
Aug-18,100.1,134.5,115.7,132.8,115.7,119.2,107.5,128.8,117.8,125.0,122.0,116.1,100.8,121.8,118.9,134.3,125.4,118.2,108.4,108.0,118.3,114.1,120.5,125.1,131.6,130.4,112.5,113.2,126.0,108.3,131.6,109.4,100.6
Sep-18,102.2,134.7,115.9,132.2,115.9,120.5,106.2,128.7,117.7,124.9,123.6,114.5,99.8,122.9,118.2,134.3,124.3,115.9,107.2,105.7,116.1,112.4,120.4,123.6,131.7,131.2,114.2,111.6,124.2,108.4,132.2,108.7,104.8
Oct-18,102.5,136.2,116.5,131.7,116.5,120.0,105.0,128.2,116.7,125.8,124.7,116.2,100.9,120.1,119.0,134.2,123.6,117.1,103.0,102.6,115.3,114.5,122.8,122.5,130.0,131.7,110.9,110.5,124.2,107.0,130.4,108.2,105.0
Nov-18,97.5,137.5,116.0,131.5,116.0,119.5,104.9,127.7,117.1,124.8,122.3,115.8,99.5,119.6,117.3,133.8,123.2,119.6,103.3,103.8,115.2,116.1,122.5,122.1,128.4,132.5,109.4,111.6,122.7,107.8,129.6,106.3,105.5
Dec-18,103.6,136.8,115.7,131.3,115.7,118.9,112.7,126.1,116.9,125.8,121.6,116.8,100.1,119.5,118.3,134.1,124.3,119.7,101.4,102.5,113.9,115.8,120.6,121.9,127.4,131.3,108.9,112.2,122.1,107.8,129.6,107.5,98.8
Jan-19,110.5,135.0,114.6,129.4,113.3,118.2,112.7,126.4,117.2,125.2,121.5,112.4,98.6,119.6,116.0,132.2,125.0,118.5,103.1,97.9,112.9,113.7,118.2,120.7,128.7,129.5,110.4,111.8,121.7,106.6,128.5,106.1,98.2
Feb-19,114.1,133.5,113.5,129.6,113.1,117.9,112.2,126.2,115.6,125.7,123.5,113.4,97.9,119.5,116.3,131.3,125.1,116.5,101.7,95.9,111.4,112.3,117.1,122.5,130.7,126.6,110.6,109.4,121.7,105.0,128.9,104.7,94.0
Mar-19,108.9,133.6,112.0,128.6,112.4,116.9,105.1,127.2,113.2,124.6,121.5,118.2,97.8,117.7,113.9,129.5,123.9,117.3,101.9,92.8,111.2,112.8,118.0,119.1,131.9,124.7,109.0,109.6,120.9,105.3,126.8,103.4,97.9
Apr-19,94.3,134.3,111.0,129.6,115.0,115.8,106.6,125.9,111.9,124.6,120.2,121.5,97.5,116.2,114.4,129.2,122.5,117.8,100.7,96.3,111.2,113.1,117.7,118.1,131.9,123.7,107.8,108.7,119.7,106.5,127.6,104.4,101.7
May-19,91.8,134.1,109.2,128.7,113.9,114.8,109.0,126.1,112.9,122.9,119.8,119.4,97.8,118.8,113.5,130.1,121.3,118.4,101.7,93.9,110.7,112.3,118.7,114.9,132.5,123.6,107.3,111.1,120.2,105.3,125.4,104.6,104.6
Jun-19,97.2,133.5,111.1,129.6,112.3,115.3,113.3,125.8,115.1,123.6,122.3,116.4,97.4,118.6,114.6,131.5,119.8,119.3,101.5,98.4,113.5,114.2,119.0,117.5,129.4,125.7,110.1,110.6,120.9,105.3,124.6,103.8,101.9
Jul-19,96.5,135.2,111.5,129.3,112.0,116.5,115.7,126.7,115.3,122.8,125.3,118.4,99.0,120.7,114.2,132.4,120.6,118.5,102.1,97.1,117.8,115.6,120.8,118.9,129.1,127.7,110.9,111.7,121.5,105.9,123.6,105.7,97.1
Aug-19,103.8,136.1,114.6,128.9,115.6,118.6,112.1,126.2,115.1,124.4,125.0,120.9,99.6,119.4,115.3,132.3,120.2,119.9,104.4,95.1,119.1,117.8,122.5,121.9,130.1,129.6,110.9,111.1,120.0,108.4,126.2,106.9,92.8
Sep-19,103.4,138.5,114.2,127.3,118.6,118.3,108.9,126.5,114.7,122.4,127.2,122.1,100.4,121.4,116.0,131.9,122.2,121.4,106.3,93.7,118.3,117.9,123.5,121.4,132.6,127.4,109.3,113.5,121.3,109.9,127.6,109.3,94.5
Oct-19,105.4,138.4,113.9,127.2,117.0,117.8,104.5,126.2,115.8,124.3,126.5,120.8,98.3,121.5,116.1,132.2,122.0,123.3,104.7,90.6,114.4,116.9,123.8,119.9,133.0,126.7,108.5,114.9,120.3,111.0,128.4,108.5,95.0
Nov-19,98.6,138.4,114.9,127.3,103.1,117.1,108.3,127.5,114.6,124.2,128.0,118.2,96.2,121.7,115.4,131.5,123.1,122.2,101.8,89.2,114.9,117.1,121.4,117.3,130.6,126.5,109.2,113.8,122.0,110.7,129.1,108.6,97.3
Dec-19,96.7,136.2,113.3,129.3,100.7,117.6,105.8,128.8,113.7,126.2,125.9,116.9,97.5,122.1,114.4,131.4,122.3,122.9,104.0,93.4,114.5,118.1,121.5,116.8,129.8,129.3,109.8,113.7,121.4,111.6,129.8,109.1,99.7
Jan-20,98.7,137.7,113.0,128.7,101.2,116.5,107.6,129.1,113.3,123.2,125.2,118.4,98.6,121.3,114.5,129.9,122.5,122.8,108.0,95.2,114.6,118.4,120.4,117.5,131.5,129.1,111.0,112.4,120.8,113.6,131.1,109.3,103.3
Feb-20,102.1,137.5,112.0,129.5,110.7,116.3,106.5,129.1,113.3,123.3,125.2,121.6,100.7,118.6,115.3,131.0,122.2,122.7,108.5,100.4,114.1,117.2,121.3,118.4,133.6,128.3,110.3,110.9,121.2,116.6,128.9,110.2,103.8
Mar-20,106.7,137.0,113.2,129.6,110.2,115.9,111.0,128.5,116.5,124.1,124.3,123.2,98.0,119.3,115.3,131.6,123.8,122.2,105.8,102.3,113.9,116.5,121.2,121.1,131.9,129.4,110.4,111.1,122.0,117.9,128.9,110.0,103.1
Apr-20,117.5,133.4,114.2,130.5,111.3,116.2,112.0,128.1,116.5,125.0,124.7,123.4,95.4,119.5,115.6,133.0,122.1,119.8,104.2,104.0,113.9,114.0,121.3,120.5,129.7,128.9,112.1,111.9,122.5,115.5,130.1,110.6,105.1
May-20,117.2,133.5,114.0,129.6,114.2,114.1,111.1,129.4,114.8,123.9,123.6,122.9,92.9,120.6,114.0,132.5,123.1,118.3,102.3,103.0,113.0,116.3,122.4,121.5,130.7,128.8,116.0,115.5,120.9,113.0,131.1,109.6,96.7
Jun-20,112.7,136.6,112.3,130.2,114.5,114.1,108.8,128.9,112.4,121.9,122.0,121.7,98.1,119.8,113.1,133.6,121.9,117.8,104.1,99.1,112.1,117.9,124.3,122.3,133.6,127.0,118.3,113.9,120.7,109.3,132.2,107.7,98.1
Jul-20,100.4,138.4,113.4,131.5,114.0,114.9,105.0,130.6,113.0,122.1,121.6,124.4,102.2,120.1,114.1,134.4,123.6,117.8,106.6,100.6,113.6,122.1,124.1,123.5,134.9,128.4,117.2,113.7,121.3,109.2,131.0,107.9,93.9
Aug-20,105.6,138.6,114.8,132.4,117.7,116.2,107.1,129.5,117.3,125.7,122.7,124.6,103.6,124.0,115.8,135.1,124.1,121.7,110.1,102.4,116.6,122.0,124.0,124.5,134.5,129.3,116.1,113.3,123.0,111.7,132.7,110.4,100.5
Sep-20,101.9,137.1,115.7,131.8,122.8,116.7,109.0,130.6,119.0,126.5,125.7,129.3,102.7,125.1,116.2,134.4,124.1,125.0,112.1,102.6,117.1,123.4,125.5,123.9,132.5,131.4,116.3,114.2,124.0,114.8,133.1,113.9,96.4
Oct-20,106.8,138.5,114.9,132.0,123.5,117.2,107.5,130.5,119.3,128.7,126.0,126.2,100.0,128.8,117.1,134.0,125.5,126.1,111.5,99.2,116.9,123.2,127.6,127.3,134.5,132.4,116.2,115.4,125.3,116.5,136.4,113.6,93.0
Nov-20,98.2,138.6,114.6,132.3,121.3,119.4,105.9,132.0,120.0,128.4,127.3,127.3,101.7,127.6,119.9,134.6,125.7,128.0,109.8,100.2,115.7,123.5,129.5,129.6,135.9,134.1,116.8,117.8,126.6,115.4,139.0,112.2,92.4
Dec-20,102.3,140.7,115.4,134.6,117.1,121.6,102.1,131.6,120.2,130.6,126.3,125.5,99.5,128.1,121.5,136.2,129.0,127.0,107.3,102.8,116.6,122.0,129.4,130.8,139.3,135.6,116.8,120.8,127.3,115.0,139.7,109.8,93.8
Jan-21,96.7,142.1,116.9,136.0,121.5,122.4,103.9,131.9,121.0,131.9,128.5,126.5,97.9,129.6,121.4,137.0,129.2,128.0,108.8,101.1,117.2,122.6,130.1,130.2,138.2,137.8,116.3,121.8,128.3,113.5,140.1,109.3,95.0
Feb-21,92.9,143.1,116.9,136.8,119.8,121.4,103.3,132.7,120.7,133.1,128.4,127.2,95.9,127.8,123.2,138.4,129.4,126.0,110.4,95.3,117.3,120.2,130.6,127.9,140.1,137.9,113.9,118.7,128.5,114.7,141.6,107.7,96.3
Mar-21,92.6,141.7,117.5,137.1,121.3,121.5,104.6,135.2,121.7,133.6,128.8,126.3,97.9,126.3,124.3,138.5,128.7,127.0,111.3,91.9,118.5,121.3,131.9,127.5,141.6,137.2,114.3,117.6,128.4,115.0,142.7,108.2,97.7
Apr-21,95.6,141.1,115.9,137.2,116.7,122.2,105.2,136.3,120.9,133.1,127.4,123.0,101.0,122.3,125.3,138.7,129.0,128.4,108.3,90.9,117.9,120.2,130.6,126.4,140.4,137.2,115.1,115.0,128.3,115.3,141.6,106.8,95.3
May-21,96.5,140.7,116.6,137.2,119.9,123.5,106.7,136.4,120.5,131.8,126.2,121.4,100.8,122.3,124.6,139.0,128.4,126.4,107.3,93.5,118.2,122.1,127.6,126.1,137.7,136.7,116.8,114.5,128.1,111.9,140.5,106.7,91.2
Jun-21,98.7,142.7,118.5,138.4,121.5,125.3,105.6,136.7,121.1,132.7,128.8,123.6,100.5,123.2,124.4,139.4,129.1,127.1,106.9,92.4,119.8,121.1,126.8,126.8,139.2,139.1,117.0,114.2,128.9,112.1,140.0,106.5,88.0
Jul-21,121.1,140.7,117.4,139.7,124.2,125.9,113.4,136.3,123.0,132.5,124.5,130.6,108.2,122.5,123.1,139.7,129.3,123.5,110.4,100.9,118.2,118.1,124.7,125.8,138.2,138.3,121.7,113.0,130.6,110.9,140.1,108.6,94.5
Aug-21,121.7,142.6,120.4,141.5,122.8,126.4,113.3,137.3,124.7,134.9,126.4,132.5,114.8,126.4,123.0,140.7,130.7,125.4,113.6,106.0,120.3,117.7,126.5,127.5,140.0,139.7,124.4,112.9,132.3,112.0,141.0,111.6,106.2
Sep-21,121.8,143.2,120.2,142.1,122.4,126.5,113.3,137.7,124.2,135.4,124.9,131.4,116.6,127.7,124.3,143.2,131.6,124.9,114.3,110.3,120.6,118.6,126.0,128.5,139.0,140.3,124.4,112.4,134.0,110.4,141.8,113.2,106.0
Oct-21,101.2,148.5,123.3,143.2,121.1,127.4,107.5,139.7,125.3,137.1,129.6,124.3,109.0,130.4,124.9,144.0,132.9,127.7,116.5,110.3,125.1,122.8,130.2,133.9,139.1,143.7,124.6,111.9,134.7,107.9,141.7,114.8,104.6
Nov-21,102.0,149.3,124.2,144.3,122.7,128.6,111.7,140.5,125.0,136.8,129.5,124.7,105.0,128.4,126.0,145.2,134.0,127.8,117.3,109.0,125.3,123.5,130.4,136.2,140.0,144.2,124.1,113.9,133.8,108.4,141.0,115.5,100.7
Dec-21,103.3,150.3,124.6,144.6,123.5,128.4,114.9,141.0,125.0,136.9,129.1,127.0,105.3,126.4,127.9,144.9,133.2,128.3,118.8,106.2,124.1,122.7,129.1,137.1,139.5,144.3,126.3,115.4,133.4,108.1,139.9,115.9,107.5
Jan-22,105.6,151.5,125.0,145.4,122.1,127.3,113.3,139.3,125.2,136.8,128.7,132.8,103.1,128.7,128.5,145.8,132.3,126.8,113.6,105.5,123.6,121.0,127.1,131.8,141.3,143.8,123.5,117.0,135.3,109.5,140.5,111.8,108.8
Feb-22,108.1,152.7,123.8,146.1,121.3,128.3,112.7,140.0,125.3,136.9,128.9,135.4,103.3,129.1,130.5,145.9,132.9,127.2,112.4,105.9,122.4,123.3,129.0,130.1,140.8,144.4,124.3,118.4,136.5,111.2,141.2,112.7,108.7
Mar-22,105.1,152.7,124.3,147.3,120.3,128.9,114.6,141.6,124.8,137.5,129.8,133.8,102.2,129.3,128.7,146.6,134.6,126.1,114.0,111.5,123.4,122.4,131.2,128.5,143.5,143.7,125.2,117.8,137.0,112.8,141.3,113.0,108.6
Apr-22,103.6,151.1,125.6,146.6,122.7,130.2,113.9,142.4,124.0,139.3,129.4,128.7,101.1,126.7,127.2,149.1,134.6,126.7,116.9,115.3,122.3,122.5,130.8,130.3,142.2,144.3,127.4,118.0,136.7,113.9,142.0,114.5,105.3
May-22,101.6,152.7,126.3,147.2,124.9,131.6,111.2,143.1,124.9,141.2,132.3,127.2,101.7,127.2,128.5,150.7,135.0,127.9,118.0,115.5,124.4,121.4,130.2,131.7,144.6,141.1,126.5,117.8,138.0,114.9,143.3,113.4,101.4
Jun-22,104.4,156.8,127.8,148.7,125.9,134.3,108.8,143.0,127.0,141.4,134.6,130.6,105.6,127.6,132.6,151.2,136.2,132.1,115.1,115.4,124.5,122.7,132.1,133.0,145.5,142.9,127.4,121.0,140.4,114.9,146.6,113.0,100.5
Jul-22,110.1,157.8,127.9,150.8,130.0,135.0,109.6,145.0,128.9,141.6,135.5,134.6,108.5,129.0,136.5,151.2,137.6,133.4,114.1,114.8,128.5,124.3,134.8,135.3,148.9,144.8,125.5,122.9,142.1,115.6,150.6,113.2,100.6
Aug-22,120.4,158.2,129.7,153.1,132.0,136.5,111.6,147.3,129.9,142.7,135.9,137.3,111.6,130.5,136.7,151.8,139.0,134.2,116.8,115.5,129.2,126.0,137.4,136.9,148.1,149.4,129.1,123.7,143.2,115.0,154.5,116.6,102.7
Sep-22,122.3,158.2,130.3,154.8,136.2,137.2,111.7,149.5,130.4,143.9,138.2,138.1,110.8,134.3,135.6,153.6,140.5,135.4,119.1,115.4,132.3,126.8,136.1,137.7,148.7,149.3,129.2,124.6,143.6,117.6,154.6,118.3,101.2
Oct-22,124.2,159.4,130.0,156.4,134.1,138.2,110.5,149.5,129.9,145.4,138.8,137.1,108.3,134.1,134.7,154.2,142.5,135.8,118.3,106.6,132.4,126.1,135.1,135.8,149.2,148.7,129.1,124.1,143.2,118.6,155.0,117.7,99.9
Nov-22,128.3,160.9,128.2,156.2,132.8,138.1,109.1,148.9,129.4,145.3,139.0,136.6,103.5,134.5,135.0,156.1,142.8,136.5,115.7,104.5,131.5,125.4,135.4,136.5,152.0,148.5,126.2,124.9,143.7,119.1,152.9,115.2,104.3
Dec-22,124.4,161.6,128.4,156.3,130.7,137.4,111.0,148.6,128.8,145.0,137.1,132.6,101.3,132.6,135.2,157.1,141.1,134.3,114.1,99.4,130.1,124.8,137.5,135.1,151.7,149.2,124.4,124.1,142.7,120.0,152.4,113.9,107.1
Jan-23,122.9,160.6,129.2,153.7,130.3,136.4,111.6,149.5,128.8,142.1,138.0,132.2,104.9,133.7,135.0,156.3,139.7,137.0,113.2,103.3,129.7,124.8,136.6,134.0,151.8,148.6,125.5,124.4,144.0,119.9,150.6,113.8,114.0
Feb-23,110.9,157.3,130.6,154.1,126.3,134.4,113.1,148.3,129.8,140.1,139.4,130.9,104.6,131.0,133.2,155.7,138.9,137.8,111.0,101.5,129.1,125.1,136.1,134.6,148.8,146.0,127.2,121.1,142.5,120.5,151.3,114.1,110.4
Mar-23,118.8,156.9,129.2,152.7,124.3,133.0,111.2,145.6,126.7,138.4,139.0,134.7,106.7,130.3,131.3,153.1,137.7,136.7,111.3,103.9,129.3,125.8,133.4,135.3,144.7,144.9,126.3,118.4,142.0,119.1,149.3,112.9,104.7
Apr-23,115.3,158.2,127.3,152.3,123.9,133.5,114.3,142.7,126.8,137.9,135.2,134.4,104.8,128.6,128.1,152.9,137.2,136.0,113.3,101.3,127.8,126.2,133.7,136.6,145.4,142.9,125.4,115.9,141.0,119.3,149.8,111.7,98.6
May-23,122.3,158.9,124.7,149.4,124.0,133.1,111.6,141.6,126.6,138.3,130.1,137.4,108.3,130.9,127.6,151.3,136.2,132.4,115.9,102.0,127.7,125.0,130.4,135.1,146.7,141.2,125.6,118.0,139.6,119.2,147.0,111.7,100.3
Jun-23,121.4,157.3,124.8,149.3,125.7,133.5,113.3,140.6,128.4,138.0,130.2,137.4,108.2,133.2,127.8,151.4,136.8,134.7,115.1,103.7,127.3,122.4,131.6,135.4,148.7,139.0,127.1,119.9,138.8,117.8,147.5,112.0,103.8
Jul-23,118.8,156.1,126.5,151.6,125.6,135.1,109.0,141.9,129.9,139.6,134.4,139.1,109.5,133.9,129.3,152.6,136.9,133.8,115.6,102.9,127.1,124.4,134.5,136.5,147.2,140.8,128.3,121.1,138.5,115.5,146.0,112.6,100.6
Aug-23,109.9,156.4,129.5,151.4,131.8,136.6,111.0,144.2,131.7,141.0,139.4,135.2,106.7,133.6,130.0,152.7,138.5,138.8,115.8,103.2,128.2,127.2,137.7,138.6,147.4,148.6,128.9,121.1,139.8,116.5,148.1,113.3,98.7
Sep-23,103.0,157.0,126.7,151.4,133.8,134.8,105.3,149.1,134.4,143.8,140.4,130.8,108.9,136.8,133.3,154.2,137.7,142.0,116.6,91.6,127.0,131.4,142.0,138.5,149.3,155.3,127.5,122.8,142.4,125.1,150.7,115.2,99.0